"","section.id","country","city","valid","protest","tt","rr","cc","kk","vm","po","valid.net","tt.perc","rr.perc","cc.perc","kk.perc","vm.perc","po.perc","top6.ballots","top6.perc","tt.rank","rr.rank","cc.rank","kk.rank","vm.rank","po.rank","tt","rr","cc","kk","vm","po"
"1",320100003,"Australia","Brisbane",45,2,14,13,4,7,4,0,43,0.325581395348837,0.302325581395349,0.0930232558139535,0.162790697674419,0.0930232558139535,0,42,0.933333333333333,1,2,4,3,4,6,1,2,4,3,4,6
"2",320100001,"Australia","Canberra",40,1,3,17,11,0,1,0,39,0.0769230769230769,0.435897435897436,0.282051282051282,0,0.0256410256410256,0,32,0.8,3,1,2,5,4,5,3,1,2,5,4,5
"3",320100004,"Australia","Melbourne",115,3,45,13,24,22,1,0,112,0.401785714285714,0.116071428571429,0.214285714285714,0.196428571428571,0.00892857142857143,0,105,0.91304347826087,1,4,2,3,5,6,1,4,2,3,5,6
"4",320100005,"Australia","Perth",81,9,30,11,11,7,2,0,72,0.416666666666667,0.152777777777778,0.152777777777778,0.0972222222222222,0.0277777777777778,0,61,0.753086419753086,1,2,2,4,5,6,1,2,2,4,5,6
"5",320100002,"Australia","Sidney",148,8,60,22,16,10,8,1,140,0.428571428571429,0.157142857142857,0.114285714285714,0.0714285714285714,0.0571428571428571,0.00714285714285714,117,0.790540540540541,1,2,3,4,5,6,1,2,3,4,5,6
"6",320200012,"Austria","Bregenz",122,13,23,19,24,14,19,0,109,0.211009174311927,0.174311926605505,0.220183486238532,0.128440366972477,0.174311926605505,0,99,0.811475409836066,2,3,1,5,3,6,2,3,1,5,3,6
"7",320200006,"Austria","Vienna",608,32,149,100,112,71,51,20,576,0.258680555555556,0.173611111111111,0.194444444444444,0.123263888888889,0.0885416666666667,0.0347222222222222,503,0.827302631578947,1,3,2,4,5,6,1,3,2,4,5,6
"8",320200007,"Austria","Vienna",761,61,243,141,107,82,43,11,700,0.347142857142857,0.201428571428571,0.152857142857143,0.117142857142857,0.0614285714285714,0.0157142857142857,627,0.823915900131406,1,2,3,4,5,6,1,2,3,4,5,6
"9",320200013,"Austria","Vienna",558,35,177,112,75,66,28,4,523,0.338432122370937,0.21414913957935,0.1434034416826,0.126195028680688,0.0535372848948375,0.00764818355640535,462,0.827956989247312,1,2,3,4,5,6,1,2,3,4,5,6
"10",320200302,"Austria","Vienna",505,30,154,89,77,72,28,7,475,0.324210526315789,0.187368421052632,0.162105263157895,0.151578947368421,0.0589473684210526,0.0147368421052632,427,0.845544554455446,1,2,3,4,5,6,1,2,3,4,5,6
"11",320200011,"Austria","Graz",168,9,41,22,25,31,13,0,159,0.257861635220126,0.138364779874214,0.157232704402516,0.19496855345912,0.0817610062893082,0,132,0.785714285714286,1,4,3,2,5,6,1,4,3,2,5,6
"12",320200010,"Austria","Salzburg",214,15,22,59,21,40,26,2,199,0.110552763819095,0.296482412060302,0.105527638190955,0.201005025125628,0.130653266331658,0.0100502512562814,170,0.794392523364486,4,1,5,2,3,6,4,1,5,2,3,6
"13",320200008,"Austria","Innsbruck",183,16,36,33,32,32,26,1,167,0.215568862275449,0.197604790419162,0.191616766467066,0.191616766467066,0.155688622754491,0.00598802395209581,160,0.87431693989071,1,2,3,3,5,6,1,2,3,3,5,6
"14",320200009,"Austria","Linz",200,18,31,37,42,22,24,1,182,0.17032967032967,0.203296703296703,0.230769230769231,0.120879120879121,0.131868131868132,0.00549450549450549,157,0.785,3,2,1,5,4,6,3,2,1,5,4,6
"15",320300014,"Azerbaijan","Baku",27,2,3,5,5,1,4,0,25,0.12,0.2,0.2,0.04,0.16,0,18,0.666666666666667,4,1,1,5,3,6,4,1,1,5,3,6
"16",320400015,"Albania","Tirana",134,2,6,26,13,63,4,2,132,0.0454545454545455,0.196969696969697,0.0984848484848485,0.477272727272727,0.0303030303030303,0.0151515151515152,114,0.850746268656716,4,2,3,1,5,6,4,2,3,1,5,6
"17",320500016,"Algeria","Algeria",61,3,4,27,14,3,0,1,58,0.0689655172413793,0.46551724137931,0.241379310344828,0.0517241379310345,0,0.0172413793103448,49,0.80327868852459,3,1,2,4,6,5,3,1,2,4,6,5
"18",320700018,"Argentina","Buenos Aires",17,0,3,6,2,2,2,0,17,0.176470588235294,0.352941176470588,0.117647058823529,0.117647058823529,0.117647058823529,0,15,0.882352941176471,2,1,3,3,3,6,2,1,3,3,3,6
"19",320600017,"Armenia","Erevan",22,0,1,7,5,5,0,0,22,0.0454545454545455,0.318181818181818,0.227272727272727,0.227272727272727,0,0,18,0.818181818181818,4,1,2,2,5,5,4,1,2,2,5,5
"20",320800019,"Belarus","Minsk",27,0,4,13,1,5,1,0,27,0.148148148148148,0.481481481481481,0.037037037037037,0.185185185185185,0.037037037037037,0,24,0.888888888888889,3,1,4,2,4,6,3,1,4,2,4,6
"21",320900022,"Belgium","Antwerpen",411,41,45,76,83,53,65,13,370,0.121621621621622,0.205405405405405,0.224324324324324,0.143243243243243,0.175675675675676,0.0351351351351351,335,0.815085158150852,5,2,1,4,3,6,5,2,1,4,3,6
"22",320900020,"Belgium","Brussels",487,26,138,113,75,48,12,9,461,0.299349240780911,0.245119305856833,0.162689804772234,0.10412147505423,0.0260303687635575,0.0195227765726681,395,0.811088295687885,1,2,3,4,5,6,1,2,3,4,5,6
"23",320900021,"Belgium","Brussels",821,41,263,161,105,72,41,37,780,0.337179487179487,0.206410256410256,0.134615384615385,0.0923076923076923,0.0525641025641026,0.0474358974358974,679,0.827040194884287,1,2,3,4,5,6,1,2,3,4,5,6
"24",320900023,"Belgium","Gent",477,36,45,84,104,61,77,18,441,0.102040816326531,0.19047619047619,0.235827664399093,0.138321995464853,0.174603174603175,0.0408163265306122,389,0.815513626834382,5,2,1,4,3,6,5,2,1,4,3,6
"25",320900024,"Belgium","Leuven",323,26,94,61,50,27,20,1,297,0.316498316498317,0.205387205387205,0.168350168350168,0.0909090909090909,0.0673400673400673,0.00336700336700337,253,0.78328173374613,1,2,3,4,5,6,1,2,3,4,5,6
"26",321000025,"Bosnia and Herzegovina","Sarajevo",48,4,7,15,9,6,0,1,44,0.159090909090909,0.340909090909091,0.204545454545455,0.136363636363636,0,0.0227272727272727,38,0.791666666666667,3,1,2,4,6,5,3,1,2,4,6,5
"27",321100026,"Brazil","Brasilia",12,0,0,3,4,1,0,0,12,0,0.25,0.333333333333333,0.0833333333333333,0,0,8,0.666666666666667,4,2,1,3,4,4,4,2,1,3,4,4
"28",321100027,"Brazil","Sao Paolo",37,1,12,5,12,3,1,0,36,0.333333333333333,0.138888888888889,0.333333333333333,0.0833333333333333,0.0277777777777778,0,33,0.891891891891892,1,3,1,4,5,6,1,3,1,4,5,6
"29",321200059,"UK","Aberdeen",221,21,49,59,20,26,8,1,200,0.245,0.295,0.1,0.13,0.04,0.005,163,0.737556561085973,2,1,4,3,5,6,2,1,4,3,5,6
"30",321200062,"UK","Arma",206,33,10,34,34,32,36,0,173,0.0578034682080925,0.196531791907514,0.196531791907514,0.184971098265896,0.208092485549133,0,146,0.70873786407767,5,2,2,4,1,6,5,2,2,4,1,6
"31",321200047,"UK","Birmingham",456,32,58,95,72,90,54,1,424,0.136792452830189,0.224056603773585,0.169811320754717,0.212264150943396,0.127358490566038,0.00235849056603774,370,0.81140350877193,4,1,3,2,5,6,4,1,3,2,5,6
"32",321200311,"UK","Bishop's Stortford",151,16,16,23,24,22,34,2,135,0.118518518518519,0.17037037037037,0.177777777777778,0.162962962962963,0.251851851851852,0.0148148148148148,121,0.801324503311258,5,3,2,4,1,6,5,3,2,4,1,6
"33",321200312,"UK","Bournemouth",216,40,27,44,24,28,19,1,176,0.153409090909091,0.25,0.136363636363636,0.159090909090909,0.107954545454545,0.00568181818181818,143,0.662037037037037,3,1,4,2,5,6,3,1,4,2,5,6
"34",321200052,"UK","Brighton",259,27,43,34,45,47,36,1,232,0.185344827586207,0.146551724137931,0.193965517241379,0.202586206896552,0.155172413793103,0.00431034482758621,206,0.795366795366795,3,5,2,1,4,6,3,5,2,1,4,6
"35",321200048,"UK","Bristol",403,55,79,89,59,43,43,0,348,0.227011494252874,0.255747126436782,0.169540229885057,0.123563218390805,0.123563218390805,0,313,0.776674937965261,2,1,3,4,4,6,2,1,3,4,4,6
"36",321200058,"UK","Glasgow",441,52,140,84,38,26,36,1,389,0.359897172236504,0.215938303341902,0.0976863753213368,0.0668380462724936,0.0925449871465296,0.0025706940874036,325,0.736961451247165,1,2,3,5,4,6,1,2,3,5,4,6
"37",321200041,"UK","Gloucester",343,35,38,79,52,48,55,5,308,0.123376623376623,0.256493506493506,0.168831168831169,0.155844155844156,0.178571428571429,0.0162337662337662,277,0.807580174927114,5,1,3,4,2,6,5,1,3,4,2,6
"38",321200060,"UK","Dundee",176,15,29,60,17,25,12,2,161,0.180124223602484,0.372670807453416,0.105590062111801,0.15527950310559,0.0745341614906832,0.0124223602484472,145,0.823863636363636,2,1,4,3,5,6,2,1,4,3,5,6
"39",321200057,"UK","Edinbourough",305,27,103,51,32,26,25,2,278,0.370503597122302,0.183453237410072,0.115107913669065,0.0935251798561151,0.0899280575539568,0.00719424460431655,239,0.783606557377049,1,2,3,4,5,6,1,2,3,4,5,6
"40",321200055,"UK","Exeter",187,20,45,23,20,37,12,1,167,0.269461077844311,0.137724550898204,0.119760479041916,0.221556886227545,0.0718562874251497,0.00598802395209581,138,0.737967914438503,1,3,4,2,5,6,1,3,4,2,5,6
"41",321200039,"UK","Immingham",130,16,4,19,23,32,17,1,114,0.0350877192982456,0.166666666666667,0.201754385964912,0.280701754385965,0.149122807017544,0.0087719298245614,96,0.738461538461539,5,3,2,1,4,6,5,3,2,1,4,6
"42",321200036,"UK","Ealing Broadway",553,57,82,137,78,94,41,5,496,0.165322580645161,0.276209677419355,0.157258064516129,0.189516129032258,0.0826612903225806,0.0100806451612903,437,0.790235081374322,3,1,4,2,5,6,3,1,4,2,5,6
"43",321200061,"UK","Cardiff",198,21,48,40,19,28,21,0,177,0.271186440677966,0.225988700564972,0.107344632768362,0.15819209039548,0.11864406779661,0,156,0.787878787878788,1,2,5,3,4,6,1,2,5,3,4,6
"44",321200050,"UK","Cambridge",336,30,89,70,55,32,21,1,306,0.290849673202614,0.228758169934641,0.179738562091503,0.104575163398693,0.0686274509803922,0.00326797385620915,268,0.797619047619048,1,2,3,4,5,6,1,2,3,4,5,6
"45",321200035,"UK","Coventry",408,51,79,84,45,53,52,1,357,0.221288515406162,0.235294117647059,0.126050420168067,0.148459383753501,0.145658263305322,0.00280112044817927,314,0.769607843137255,2,1,5,3,4,6,2,1,5,3,4,6
"46",321200313,"UK","Colchester",199,15,34,40,32,29,28,0,184,0.184782608695652,0.217391304347826,0.173913043478261,0.157608695652174,0.152173913043478,0,163,0.819095477386935,2,1,3,4,5,6,2,1,3,4,5,6
"47",321200056,"UK","Leeds",282,28,47,65,38,48,28,0,254,0.18503937007874,0.255905511811024,0.149606299212598,0.188976377952756,0.110236220472441,0,226,0.801418439716312,3,1,4,2,5,6,3,1,4,2,5,6
"48",321200028,"UK","London",480,38,145,87,82,51,22,8,442,0.328054298642534,0.19683257918552,0.18552036199095,0.115384615384615,0.0497737556561086,0.0180995475113122,395,0.822916666666667,1,2,3,4,5,6,1,2,3,4,5,6
"49",321200029,"UK","London",724,40,243,143,104,74,38,6,684,0.355263157894737,0.20906432748538,0.152046783625731,0.108187134502924,0.0555555555555556,0.0087719298245614,608,0.839779005524862,1,2,3,4,5,6,1,2,3,4,5,6
"50",321200030,"UK","London",557,37,110,144,70,108,68,3,520,0.211538461538462,0.276923076923077,0.134615384615385,0.207692307692308,0.130769230769231,0.00576923076923077,503,0.903052064631957,2,1,4,3,5,6,2,1,4,3,5,6
"51",321200031,"UK","London",899,80,82,193,211,167,91,6,819,0.1001221001221,0.235653235653236,0.257631257631258,0.203907203907204,0.111111111111111,0.00732600732600733,750,0.834260289210234,5,2,1,3,4,6,5,2,1,3,4,6
"52",321200032,"UK","London",937,96,59,225,156,181,121,4,841,0.0701545778834721,0.267538644470868,0.185493460166468,0.215219976218787,0.143876337693222,0.00475624256837099,746,0.79615795090715,5,1,3,2,4,6,5,1,3,2,4,6
"53",321200033,"UK","London",793,73,95,200,137,118,86,9,720,0.131944444444444,0.277777777777778,0.190277777777778,0.163888888888889,0.119444444444444,0.0125,645,0.813366960907944,4,1,2,3,5,6,4,1,2,3,5,6
"54",321200034,"UK","London",589,77,55,144,98,87,60,1,512,0.107421875,0.28125,0.19140625,0.169921875,0.1171875,0.001953125,445,0.755517826825127,5,1,2,3,4,6,5,1,2,3,4,6
"55",321200038,"UK","London",461,56,51,98,84,62,49,6,405,0.125925925925926,0.241975308641975,0.207407407407407,0.153086419753086,0.120987654320988,0.0148148148148148,350,0.759219088937093,4,1,2,3,5,6,4,1,2,3,5,6
"56",321200309,"UK","London",385,21,124,82,57,37,17,2,364,0.340659340659341,0.225274725274725,0.156593406593407,0.101648351648352,0.0467032967032967,0.00549450549450549,319,0.828571428571429,1,2,3,4,5,6,1,2,3,4,5,6
"57",321200310,"UK","London",484,30,157,94,84,45,18,3,454,0.345814977973568,0.20704845814978,0.185022026431718,0.0991189427312775,0.039647577092511,0.0066079295154185,401,0.828512396694215,1,2,3,4,5,6,1,2,3,4,5,6
"58",321200317,"UK","London",455,44,47,111,81,67,56,3,411,0.114355231143552,0.27007299270073,0.197080291970803,0.16301703163017,0.13625304136253,0.0072992700729927,365,0.802197802197802,5,1,2,3,4,6,5,1,2,3,4,6
"59",321200318,"UK","London",378,48,34,87,65,61,44,2,330,0.103030303030303,0.263636363636364,0.196969696969697,0.184848484848485,0.133333333333333,0.00606060606060606,293,0.775132275132275,5,1,2,3,4,6,5,1,2,3,4,6
"60",321200319,"UK","London",403,34,41,96,60,75,54,0,369,0.111111111111111,0.260162601626016,0.16260162601626,0.203252032520325,0.146341463414634,0,326,0.80893300248139,5,1,3,2,4,6,5,1,3,2,4,6
"61",321200320,"UK","London",537,50,37,155,87,94,58,7,487,0.0759753593429158,0.318275154004107,0.17864476386037,0.193018480492813,0.119096509240246,0.0143737166324435,438,0.815642458100559,5,1,3,2,4,6,5,1,3,2,4,6
"62",321200046,"UK","Manchester",430,48,100,100,55,58,53,4,382,0.261780104712042,0.261780104712042,0.143979057591623,0.151832460732984,0.138743455497382,0.0104712041884817,370,0.86046511627907,1,1,4,3,5,6,1,1,4,3,5,6
"63",321200325,"UK","Maidstone",239,22,15,78,43,35,26,1,217,0.0691244239631336,0.359447004608295,0.19815668202765,0.161290322580645,0.119815668202765,0.00460829493087558,198,0.828451882845188,5,1,2,3,4,6,5,1,2,3,4,6
"64",321200045,"UK","Norich",283,27,18,66,45,40,64,0,256,0.0703125,0.2578125,0.17578125,0.15625,0.25,0,233,0.823321554770318,5,1,3,4,2,6,5,1,3,4,2,6
"65",321200053,"UK","Nottingham",264,18,68,48,35,26,25,0,246,0.276422764227642,0.195121951219512,0.142276422764228,0.105691056910569,0.101626016260163,0,202,0.765151515151515,1,2,3,4,5,6,1,2,3,4,5,6
"66",321200054,"UK","Newcastle upon Tyne",190,22,34,39,37,32,13,1,168,0.202380952380952,0.232142857142857,0.220238095238095,0.19047619047619,0.0773809523809524,0.00595238095238095,156,0.821052631578947,3,1,2,4,5,6,3,1,2,4,5,6
"67",321200049,"UK","Oxford",295,36,82,55,39,31,15,1,259,0.316602316602317,0.212355212355212,0.150579150579151,0.11969111969112,0.0579150579150579,0.00386100386100386,223,0.75593220338983,1,2,3,4,5,6,1,2,3,4,5,6
"68",321200321,"UK","Peterborough",205,32,17,38,38,26,38,1,173,0.0982658959537572,0.219653179190751,0.219653179190751,0.15028901734104,0.219653179190751,0.00578034682080925,158,0.770731707317073,5,1,1,4,1,6,5,1,1,4,1,6
"69",321200322,"UK","Portsmouth",298,30,44,74,42,36,33,2,268,0.164179104477612,0.276119402985075,0.156716417910448,0.134328358208955,0.123134328358209,0.00746268656716418,231,0.775167785234899,2,1,3,4,5,6,2,1,3,4,5,6
"70",321200323,"UK","Redding",342,44,65,85,47,26,30,0,298,0.218120805369128,0.285234899328859,0.157718120805369,0.087248322147651,0.100671140939597,0,253,0.739766081871345,2,1,3,5,4,6,2,1,3,5,4,6
"71",321200051,"UK","Southampton",346,41,52,65,56,61,37,1,305,0.170491803278689,0.213114754098361,0.183606557377049,0.2,0.121311475409836,0.00327868852459016,272,0.786127167630058,4,1,3,2,5,6,4,1,3,2,5,6
"72",321200326,"UK","Stafford",134,7,10,33,19,25,21,2,127,0.078740157480315,0.259842519685039,0.149606299212598,0.196850393700787,0.165354330708661,0.015748031496063,110,0.82089552238806,5,1,4,2,3,6,5,1,4,2,3,6
"73",321200043,"UK","Surbiton",400,41,40,102,86,43,49,1,359,0.11142061281337,0.284122562674095,0.239554317548747,0.119777158774373,0.136490250696379,0.00278551532033426,321,0.8025,5,1,2,4,3,6,5,1,2,4,3,6
"74",321200044,"UK","Tunbridge Wells",217,37,16,47,26,26,39,2,180,0.0888888888888889,0.261111111111111,0.144444444444444,0.144444444444444,0.216666666666667,0.0111111111111111,156,0.71889400921659,5,1,3,3,2,6,5,1,3,3,2,6
"75",321200037,"UK","Wood Green",490,49,51,141,90,79,42,4,441,0.115646258503401,0.319727891156463,0.204081632653061,0.179138321995465,0.0952380952380952,0.0090702947845805,407,0.830612244897959,4,1,2,3,5,6,4,1,2,3,5,6
"76",321200314,"UK","Fleetwood",171,19,12,49,27,28,18,1,152,0.0789473684210526,0.322368421052632,0.177631578947368,0.184210526315789,0.118421052631579,0.00657894736842105,135,0.789473684210526,5,1,3,2,4,6,5,1,3,2,4,6
"77",321200315,"UK","Hemel Hempstead",343,43,44,75,55,53,34,4,300,0.146666666666667,0.25,0.183333333333333,0.176666666666667,0.113333333333333,0.0133333333333333,265,0.772594752186589,4,1,2,3,5,6,4,1,2,3,5,6
"78",321200316,"UK","Hull",125,13,5,29,16,23,24,5,112,0.0446428571428571,0.258928571428571,0.142857142857143,0.205357142857143,0.214285714285714,0.0446428571428571,102,0.816,5,1,4,3,2,5,5,1,4,3,2,5
"79",321200042,"UK","Chatham",377,49,30,97,67,59,31,7,328,0.0914634146341463,0.295731707317073,0.204268292682927,0.179878048780488,0.0945121951219512,0.0213414634146341,291,0.771883289124668,5,1,2,3,4,6,5,1,2,3,4,6
"80",321200040,"UK","Chester",324,26,29,80,46,58,39,6,298,0.0973154362416107,0.268456375838926,0.154362416107383,0.194630872483221,0.130872483221477,0.0201342281879195,258,0.796296296296296,5,1,3,2,4,6,5,1,3,2,4,6
"81",321200324,"UK","Sheffield",141,17,29,21,24,14,21,0,124,0.233870967741935,0.169354838709677,0.193548387096774,0.112903225806452,0.169354838709677,0,109,0.773049645390071,1,3,2,5,3,6,1,3,2,5,3,6
"82",321300063,"Vietnam","Hanoi",14,1,6,1,2,0,1,0,13,0.461538461538462,0.0769230769230769,0.153846153846154,0,0.0769230769230769,0,10,0.714285714285714,1,3,2,5,3,5,1,3,2,5,3,5
"83",321400064,"Georgia","Tbilisi",38,3,8,11,5,5,3,0,35,0.228571428571429,0.314285714285714,0.142857142857143,0.142857142857143,0.0857142857142857,0,32,0.842105263157895,2,1,3,3,5,6,2,1,3,3,5,6
"84",321500065,"Greece","Athens",637,37,44,135,180,103,60,4,600,0.0733333333333333,0.225,0.3,0.171666666666667,0.1,0.00666666666666667,526,0.82574568288854,5,2,1,3,4,6,5,2,1,3,4,6
"85",321500067,"Greece","Athens",558,0,36,120,154,114,44,2,558,0.0645161290322581,0.21505376344086,0.275985663082437,0.204301075268817,0.0788530465949821,0.003584229390681,470,0.842293906810036,5,2,1,3,4,6,5,2,1,3,4,6
"86",321500077,"Greece","Athens",815,26,42,246,189,168,82,1,789,0.0532319391634981,0.311787072243346,0.239543726235741,0.212927756653992,0.103929024081115,0.00126742712294043,728,0.893251533742331,5,1,2,3,4,6,5,1,2,3,4,6
"87",321500075,"Greece","Gerani",203,25,2,29,91,9,19,4,178,0.0112359550561798,0.162921348314607,0.51123595505618,0.050561797752809,0.106741573033708,0.0224719101123595,154,0.758620689655172,6,2,1,4,3,5,6,2,1,4,3,5
"88",321500070,"Greece","Heraklion",159,15,12,28,35,18,32,2,144,0.0833333333333333,0.194444444444444,0.243055555555556,0.125,0.222222222222222,0.0138888888888889,127,0.79874213836478,5,3,1,4,2,6,5,3,1,4,2,6
"89",321500068,"Greece","Kalamata",103,5,1,30,34,5,10,1,98,0.0102040816326531,0.306122448979592,0.346938775510204,0.0510204081632653,0.102040816326531,0.0102040816326531,81,0.786407766990291,5,2,1,4,3,5,5,2,1,4,3,5
"90",321500069,"Greece","Larissa",73,0,9,23,15,10,13,0,73,0.123287671232877,0.315068493150685,0.205479452054795,0.136986301369863,0.178082191780822,0,70,0.958904109589041,5,1,2,4,3,6,5,1,2,4,3,6
"91",321500074,"Greece","Patra",152,6,6,41,33,20,23,1,146,0.0410958904109589,0.280821917808219,0.226027397260274,0.136986301369863,0.157534246575342,0.00684931506849315,124,0.815789473684211,5,1,2,4,3,6,5,1,2,4,3,6
"92",321500071,"Greece","Rethymno",147,12,3,47,23,32,8,0,135,0.0222222222222222,0.348148148148148,0.17037037037037,0.237037037037037,0.0592592592592593,0,113,0.768707482993197,5,1,3,2,4,6,5,1,3,2,4,6
"93",321500073,"Greece","Rodos",208,11,7,42,69,29,23,1,197,0.0355329949238579,0.213197969543147,0.350253807106599,0.147208121827411,0.116751269035533,0.0050761421319797,171,0.822115384615385,5,2,1,3,4,6,5,2,1,3,4,6
"94",321500066,"Greece","Thessaloniki",444,21,38,74,134,87,25,7,423,0.0898345153664303,0.174940898345154,0.316784869976359,0.205673758865248,0.0591016548463357,0.016548463356974,365,0.822072072072072,4,3,1,2,5,6,4,3,1,2,5,6
"95",321500076,"Greece","Tripoli",124,4,3,22,34,28,16,5,120,0.025,0.183333333333333,0.283333333333333,0.233333333333333,0.133333333333333,0.0416666666666667,108,0.870967741935484,6,3,1,2,4,5,6,3,1,2,4,5
"96",321500072,"Greece","Hania",234,22,7,98,53,10,22,5,212,0.0330188679245283,0.462264150943396,0.25,0.0471698113207547,0.10377358490566,0.0235849056603774,195,0.833333333333333,5,1,2,4,3,6,5,1,2,4,3,6
"97",321600078,"Denmark","Copenhagen",347,33,59,44,69,53,27,10,314,0.187898089171975,0.140127388535032,0.219745222929936,0.168789808917197,0.0859872611464968,0.0318471337579618,262,0.755043227665706,2,4,1,3,5,6,2,4,1,3,5,6
"98",321600082,"Denmark","Norebro",323,24,79,59,47,40,25,5,299,0.264214046822742,0.197324414715719,0.157190635451505,0.133779264214047,0.0836120401337793,0.0167224080267559,255,0.789473684210526,1,2,3,4,5,6,1,2,3,4,5,6
"99",321600083,"Denmark","Odense",122,13,24,18,17,10,19,1,109,0.220183486238532,0.165137614678899,0.155963302752294,0.0917431192660551,0.174311926605505,0.00917431192660551,89,0.729508196721312,1,3,4,5,2,6,1,3,4,5,2,6
"100",321600079,"Denmark","Aalborg",199,21,44,42,18,22,26,1,178,0.247191011235955,0.235955056179775,0.101123595505618,0.123595505617978,0.146067415730337,0.00561797752808989,153,0.768844221105528,1,2,5,4,3,6,1,2,5,4,3,6
"101",321600080,"Denmark","Aarhus",220,28,45,42,25,28,22,1,192,0.234375,0.21875,0.130208333333333,0.145833333333333,0.114583333333333,0.00520833333333333,163,0.740909090909091,1,2,4,3,5,6,1,2,4,3,5,6
"102",321600081,"Denmark","Horsens",211,35,29,38,18,40,25,6,176,0.164772727272727,0.215909090909091,0.102272727272727,0.227272727272727,0.142045454545455,0.0340909090909091,156,0.739336492890995,3,2,5,1,4,6,3,2,5,1,4,6
"103",321700084,"Egypt","Cairo",29,0,4,9,4,6,1,0,29,0.137931034482759,0.310344827586207,0.137931034482759,0.206896551724138,0.0344827586206897,0,24,0.827586206896552,3,1,3,2,5,6,3,1,3,2,5,6
"104",321800085,"Israel","Tel Aviv",215,9,36,42,81,27,4,1,206,0.174757281553398,0.203883495145631,0.393203883495146,0.131067961165049,0.0194174757281553,0.00485436893203883,191,0.888372093023256,3,2,1,4,5,6,3,2,1,4,5,6
"105",321900086,"India","Delhi",19,2,4,2,4,1,0,0,17,0.235294117647059,0.117647058823529,0.235294117647059,0.0588235294117647,0,0,11,0.578947368421053,1,3,1,4,5,5,1,3,1,4,5,5
"106",322100088,"Iran","Teheran",22,3,2,2,4,5,0,0,19,0.105263157894737,0.105263157894737,0.210526315789474,0.263157894736842,0,0,13,0.590909090909091,3,3,2,1,5,5,3,3,2,1,5,5
"107",322200089,"Ireland","Dublin",439,30,86,102,70,79,35,2,409,0.210268948655257,0.249388753056235,0.171149144254279,0.193154034229829,0.0855745721271394,0.00488997555012225,374,0.851936218678816,2,1,4,3,5,6,2,1,4,3,5,6
"108",322200090,"Ireland","Shannon",106,13,15,13,17,21,4,1,93,0.161290322580645,0.139784946236559,0.182795698924731,0.225806451612903,0.043010752688172,0.010752688172043,71,0.669811320754717,3,4,2,1,5,6,3,4,2,1,5,6
"109",322300091,"Spain","Alicante",258,25,29,44,65,46,22,0,233,0.124463519313305,0.188841201716738,0.278969957081545,0.197424892703863,0.0944206008583691,0,206,0.798449612403101,4,3,1,2,5,6,4,3,1,2,5,6
"110",322300105,"Spain","Aranda de Duaro",229,0,5,65,40,43,16,8,229,0.0218340611353712,0.283842794759825,0.174672489082969,0.187772925764192,0.0698689956331878,0.0349344978165939,177,0.77292576419214,6,1,3,2,4,5,6,1,3,2,4,5
"111",322300092,"Spain","Arecife",70,7,5,10,8,14,9,0,63,0.0793650793650794,0.158730158730159,0.126984126984127,0.222222222222222,0.142857142857143,0,46,0.657142857142857,5,2,4,1,3,6,5,2,4,1,3,6
"112",322300106,"Spain","Barcelona",684,30,101,135,128,178,57,2,654,0.154434250764526,0.206422018348624,0.195718654434251,0.27217125382263,0.0871559633027523,0.00305810397553517,601,0.878654970760234,4,2,3,1,5,6,4,2,3,1,5,6
"113",322300117,"Spain","Benidorm",285,28,14,55,73,71,19,1,257,0.0544747081712062,0.214007782101167,0.284046692607004,0.276264591439689,0.0739299610894942,0.00389105058365759,233,0.817543859649123,5,3,1,2,4,6,5,3,1,2,4,6
"114",322300107,"Spain","Burgos",263,18,11,66,59,66,15,1,245,0.0448979591836735,0.269387755102041,0.240816326530612,0.269387755102041,0.0612244897959184,0.00408163265306122,218,0.828897338403042,5,1,3,1,4,6,5,1,3,1,4,6
"115",322300108,"Spain","Valencia",824,70,56,157,200,187,60,5,754,0.0742705570291777,0.208222811671088,0.26525198938992,0.248010610079576,0.0795755968169761,0.00663129973474801,665,0.807038834951456,5,3,1,2,4,6,5,3,1,2,4,6
"116",322300102,"Spain","Valladolid",379,20,17,93,95,91,26,1,359,0.0473537604456825,0.259052924791086,0.264623955431755,0.253481894150418,0.0724233983286908,0.00278551532033426,323,0.852242744063325,5,2,1,3,4,6,5,2,1,3,4,6
"117",322300093,"Spain","Gandia",655,73,20,154,179,128,37,2,582,0.0343642611683849,0.264604810996564,0.307560137457045,0.219931271477663,0.063573883161512,0.00343642611683849,520,0.793893129770992,5,2,1,3,4,6,5,2,1,3,4,6
"118",322300109,"Spain","Castellon",143,20,7,20,38,26,11,3,123,0.0569105691056911,0.16260162601626,0.308943089430894,0.211382113821138,0.0894308943089431,0.024390243902439,105,0.734265734265734,5,3,1,2,4,6,5,3,1,2,4,6
"119",322300115,"Spain","Las Palmas de Gran Canaria",100,6,23,15,18,11,8,2,94,0.24468085106383,0.159574468085106,0.191489361702128,0.117021276595745,0.0851063829787234,0.0212765957446809,77,0.77,1,3,2,4,5,6,1,3,2,4,5,6
"120",322300095,"Spain","Lerida",283,28,11,69,49,80,17,1,255,0.0431372549019608,0.270588235294118,0.192156862745098,0.313725490196078,0.0666666666666667,0.00392156862745098,227,0.802120141342756,5,2,3,1,4,6,5,2,3,1,4,6
"121",322300096,"Spain","Logrono",102,11,3,22,24,13,15,1,91,0.032967032967033,0.241758241758242,0.263736263736264,0.142857142857143,0.164835164835165,0.010989010989011,78,0.764705882352941,5,2,1,4,3,6,5,2,1,4,3,6
"122",322300110,"Spain","Madrid",603,39,62,132,124,140,34,5,564,0.109929078014184,0.234042553191489,0.219858156028369,0.24822695035461,0.0602836879432624,0.00886524822695036,497,0.824212271973466,4,2,3,1,5,6,4,2,3,1,5,6
"123",322300111,"Spain","Madrid",426,35,18,97,130,79,31,1,391,0.0460358056265985,0.248081841432225,0.332480818414322,0.202046035805627,0.0792838874680307,0.00255754475703325,356,0.835680751173709,5,2,1,3,4,6,5,2,1,3,4,6
"124",322300303,"Spain","Madrid",528,44,42,117,130,98,40,7,484,0.0867768595041322,0.241735537190083,0.268595041322314,0.202479338842975,0.0826446280991736,0.0144628099173554,434,0.821969696969697,4,2,1,3,5,6,4,2,1,3,5,6
"125",322300304,"Spain","Madrid",530,44,48,101,135,106,44,3,486,0.0987654320987654,0.207818930041152,0.277777777777778,0.218106995884774,0.0905349794238683,0.00617283950617284,437,0.824528301886792,4,3,1,2,5,6,4,3,1,2,5,6
"126",322300097,"Spain","Malaga",410,36,32,94,106,79,20,2,374,0.0855614973262032,0.251336898395722,0.283422459893048,0.211229946524064,0.053475935828877,0.0053475935828877,333,0.81219512195122,4,2,1,3,5,6,4,2,1,3,5,6
"127",322300112,"Spain","Murcia",325,36,8,56,80,57,50,2,289,0.027681660899654,0.193771626297578,0.27681660899654,0.197231833910035,0.173010380622837,0.0069204152249135,253,0.778461538461538,5,3,1,2,4,6,5,3,1,2,4,6
"128",322300098,"Spain","Palencia",112,4,7,23,30,26,6,3,108,0.0648148148148148,0.212962962962963,0.277777777777778,0.240740740740741,0.0555555555555556,0.0277777777777778,95,0.848214285714286,4,3,1,2,5,6,4,3,1,2,5,6
"129",322300099,"Spain","Palma de Majorca Beleares",810,56,46,152,225,189,52,2,754,0.0610079575596817,0.20159151193634,0.29840848806366,0.250663129973475,0.0689655172413793,0.0026525198938992,666,0.822222222222222,5,3,1,2,4,6,5,3,1,2,4,6
"130",322300100,"Spain","Pamplona",475,47,25,122,127,64,62,15,428,0.058411214953271,0.285046728971963,0.296728971962617,0.149532710280374,0.144859813084112,0.0350467289719626,415,0.873684210526316,5,2,1,3,4,6,5,2,1,3,4,6
"131",322300113,"Spain","Reus",229,28,6,27,71,51,25,0,201,0.0298507462686567,0.134328358208955,0.353233830845771,0.253731343283582,0.124378109452736,0,180,0.786026200873362,5,3,1,2,4,6,5,3,1,2,4,6
"132",322300101,"Spain","Santa Cruz de Tenerife",102,9,16,19,19,10,17,0,93,0.172043010752688,0.204301075268817,0.204301075268817,0.10752688172043,0.182795698924731,0,81,0.794117647058823,4,1,1,5,3,6,4,1,1,5,3,6
"133",322300104,"Spain","Zaragoza",223,16,12,46,49,55,23,2,207,0.0579710144927536,0.222222222222222,0.236714975845411,0.265700483091787,0.111111111111111,0.00966183574879227,187,0.838565022421525,5,3,2,1,4,6,5,3,2,1,4,6
"134",322300116,"Spain","Segovia",288,21,9,77,69,68,24,2,267,0.0337078651685393,0.288389513108614,0.258426966292135,0.254681647940075,0.0898876404494382,0.00749063670411985,249,0.864583333333333,5,1,2,3,4,6,5,1,2,3,4,6
"135",322300114,"Spain","Torrevieja",384,42,17,66,88,89,32,2,342,0.0497076023391813,0.192982456140351,0.257309941520468,0.260233918128655,0.0935672514619883,0.00584795321637427,294,0.765625,5,3,2,1,4,6,5,3,2,1,4,6
"136",322300103,"Spain","Xativa",532,52,16,115,139,107,45,2,480,0.0333333333333333,0.239583333333333,0.289583333333333,0.222916666666667,0.09375,0.00416666666666667,424,0.796992481203007,5,2,1,3,4,6,5,2,1,3,4,6
"137",322300094,"Spain","Xetafe",740,53,36,192,167,167,51,2,687,0.0524017467248908,0.279475982532751,0.243085880640466,0.243085880640466,0.074235807860262,0.00291120815138282,615,0.831081081081081,5,1,2,2,4,6,5,1,2,2,4,6
"138",322400120,"Italy","Castelmare di Stabia",112,9,4,37,18,11,13,2,103,0.0388349514563107,0.359223300970874,0.174757281553398,0.106796116504854,0.12621359223301,0.0194174757281553,85,0.758928571428571,5,1,2,4,3,6,5,1,2,4,3,6
"139",322400121,"Italy","Milano",743,25,113,175,139,158,59,2,718,0.157381615598886,0.243732590529248,0.193593314763231,0.220055710306407,0.0821727019498607,0.00278551532033426,646,0.869448183041723,4,1,3,2,5,6,4,1,3,2,5,6
"140",322400122,"Italy","Napoli",234,21,19,60,40,51,26,2,213,0.0892018779342723,0.28169014084507,0.187793427230047,0.23943661971831,0.122065727699531,0.00938967136150235,198,0.846153846153846,5,1,3,2,4,6,5,1,3,2,4,6
"141",322400123,"Italy","Pisa",192,5,7,74,41,25,18,0,187,0.0374331550802139,0.39572192513369,0.219251336898396,0.133689839572193,0.0962566844919786,0,165,0.859375,5,1,2,3,4,6,5,1,2,3,4,6
"142",322400124,"Italy","Rome",442,19,57,114,93,74,32,2,423,0.134751773049645,0.269503546099291,0.219858156028369,0.174940898345154,0.0756501182033097,0.00472813238770686,372,0.841628959276018,4,1,2,3,5,6,4,1,2,3,5,6
"143",322400125,"Italy","Rimini",224,30,9,56,63,27,15,0,194,0.0463917525773196,0.288659793814433,0.324742268041237,0.139175257731959,0.077319587628866,0,170,0.758928571428571,5,2,1,3,4,6,5,2,1,3,4,6
"144",322400119,"Italy","Sant'Eufemia d'Aspromonte",73,0,4,19,15,3,8,0,73,0.0547945205479452,0.26027397260274,0.205479452054795,0.0410958904109589,0.10958904109589,0,49,0.671232876712329,4,1,2,5,3,6,4,1,2,5,3,6
"145",322400126,"Italy","Sienna",132,7,14,40,17,19,16,2,125,0.112,0.32,0.136,0.152,0.128,0.016,108,0.818181818181818,5,1,3,2,4,6,5,1,3,2,4,6
"146",322400118,"Italy","Foggia",98,6,10,27,15,0,12,1,92,0.108695652173913,0.293478260869565,0.16304347826087,0,0.130434782608696,0.0108695652173913,65,0.663265306122449,4,1,2,6,3,5,4,1,2,6,3,5
"147",322500127,"Jordan","Aman",76,1,9,24,9,16,1,0,75,0.12,0.32,0.12,0.213333333333333,0.0133333333333333,0,59,0.776315789473684,3,1,3,2,5,6,3,1,3,2,5,6
"148",322600128,"Kazakhstan","Astana",26,1,1,9,11,1,0,0,25,0.04,0.36,0.44,0.04,0,0,22,0.846153846153846,3,2,1,3,5,5,3,2,1,3,5,5
"149",322700135,"Canada","Brampton",311,25,48,110,52,43,15,0,286,0.167832167832168,0.384615384615385,0.181818181818182,0.15034965034965,0.0524475524475524,0,268,0.861736334405145,3,1,2,4,5,6,3,1,2,4,5,6
"150",322700133,"Canada","Vancouver",229,12,59,64,47,11,1,1,217,0.271889400921659,0.294930875576037,0.216589861751152,0.0506912442396313,0.00460829493087558,0.00460829493087558,183,0.799126637554585,2,1,3,4,5,5,2,1,3,4,5,5
"151",322700134,"Canada","Calgary",193,5,56,56,27,21,7,1,188,0.297872340425532,0.297872340425532,0.143617021276596,0.111702127659574,0.0372340425531915,0.00531914893617021,168,0.870466321243523,1,1,3,4,5,6,1,1,3,4,5,6
"152",322700131,"Canada","Cote de Nege",306,22,67,96,44,37,12,2,284,0.235915492957746,0.338028169014085,0.154929577464789,0.130281690140845,0.0422535211267606,0.00704225352112676,258,0.843137254901961,2,1,3,4,5,6,2,1,3,4,5,6
"153",322700132,"Canada","Montreal",393,28,78,118,56,55,18,2,365,0.213698630136986,0.323287671232877,0.153424657534247,0.150684931506849,0.0493150684931507,0.00547945205479452,327,0.83206106870229,2,1,3,4,5,6,2,1,3,4,5,6
"154",322700129,"Canada","Otawa",190,5,52,55,31,17,2,0,185,0.281081081081081,0.297297297297297,0.167567567567568,0.0918918918918919,0.0108108108108108,0,157,0.826315789473684,2,1,3,4,5,6,2,1,3,4,5,6
"155",322700130,"Canada","Toronto",404,14,84,120,78,55,15,1,390,0.215384615384615,0.307692307692308,0.2,0.141025641025641,0.0384615384615385,0.00256410256410256,353,0.873762376237624,2,1,3,4,5,6,2,1,3,4,5,6
"156",322800136,"Qatar","Doha",105,6,21,28,22,8,5,1,99,0.212121212121212,0.282828282828283,0.222222222222222,0.0808080808080808,0.0505050505050505,0.0101010101010101,85,0.80952380952381,3,1,2,4,5,6,3,1,2,4,5,6
"157",322900138,"Cyprus","Larnaka",490,34,19,67,153,92,61,5,456,0.0416666666666667,0.146929824561404,0.335526315789474,0.201754385964912,0.133771929824561,0.0109649122807018,397,0.810204081632653,5,3,1,2,4,6,5,3,1,2,4,6
"158",322900139,"Cyprus","Limsasol",495,33,31,74,130,121,48,3,462,0.0670995670995671,0.16017316017316,0.281385281385281,0.261904761904762,0.103896103896104,0.00649350649350649,407,0.822222222222222,5,3,1,2,4,6,5,3,1,2,4,6
"159",322900137,"Cyprus","Nicosia",496,37,22,84,185,95,31,2,459,0.0479302832244009,0.183006535947712,0.403050108932462,0.206971677559913,0.0675381263616558,0.00435729847494553,419,0.844758064516129,5,3,1,2,4,6,5,3,1,2,4,6
"160",322900142,"Cyprus","Paralimini",362,35,13,52,112,78,42,1,327,0.0397553516819572,0.159021406727829,0.342507645259939,0.238532110091743,0.128440366972477,0.00305810397553517,298,0.823204419889503,5,3,1,2,4,6,5,3,1,2,4,6
"161",322900140,"Cyprus","Paphos",398,36,20,53,139,80,53,1,362,0.0552486187845304,0.146408839779006,0.383977900552486,0.220994475138122,0.146408839779006,0.00276243093922652,346,0.869346733668342,5,3,1,2,3,6,5,3,1,2,3,6
"162",322900141,"Cyprus","Polis Hrisous",166,20,6,15,43,41,20,1,146,0.0410958904109589,0.102739726027397,0.294520547945205,0.280821917808219,0.136986301369863,0.00684931506849315,126,0.759036144578313,5,4,1,2,3,6,5,4,1,2,3,6
"163",323000143,"China","Beijing",67,1,9,19,19,9,2,1,66,0.136363636363636,0.287878787878788,0.287878787878788,0.136363636363636,0.0303030303030303,0.0151515151515152,59,0.880597014925373,3,1,1,3,5,6,3,1,1,3,5,6
"164",323000144,"China","Shanghai",55,4,14,19,5,0,6,0,51,0.274509803921569,0.372549019607843,0.0980392156862745,0,0.117647058823529,0,44,0.8,2,1,4,5,3,5,2,1,4,5,3,5
"165",323100145,"Kosovo","Pristina",57,2,5,26,4,10,2,0,55,0.0909090909090909,0.472727272727273,0.0727272727272727,0.181818181818182,0.0363636363636364,0,47,0.824561403508772,3,1,4,2,5,6,3,1,4,2,5,6
"166",323300147,"Cuba","Havanna",36,2,7,18,1,1,0,2,34,0.205882352941176,0.529411764705882,0.0294117647058824,0.0294117647058824,0,0.0588235294117647,29,0.805555555555556,2,1,4,4,6,3,2,1,4,4,6,3
"167",323400148,"Kuwait","Kuwait",170,13,51,35,22,23,9,2,157,0.32484076433121,0.222929936305732,0.140127388535032,0.146496815286624,0.0573248407643312,0.0127388535031847,142,0.835294117647059,1,2,4,3,5,6,1,2,4,3,5,6
"168",323500149,"Lebanon","Beirut",89,4,8,30,16,15,7,1,85,0.0941176470588235,0.352941176470588,0.188235294117647,0.176470588235294,0.0823529411764706,0.0117647058823529,77,0.865168539325843,4,1,2,3,5,6,4,1,2,3,5,6
"169",323700152,"Lithuania","Klaipeda",71,11,4,22,12,7,7,0,60,0.0666666666666667,0.366666666666667,0.2,0.116666666666667,0.116666666666667,0,52,0.732394366197183,5,1,2,3,3,6,5,1,2,3,3,6
"170",323800153,"Luxemburg","Luxemburg",538,38,194,120,62,41,15,1,500,0.388,0.24,0.124,0.082,0.03,0.002,433,0.804832713754647,1,2,3,4,5,6,1,2,3,4,5,6
"171",324100156,"Malta","St Julian",572,52,61,100,114,98,80,3,520,0.117307692307692,0.192307692307692,0.219230769230769,0.188461538461538,0.153846153846154,0.00576923076923077,456,0.797202797202797,5,2,1,3,4,6,5,2,1,3,4,6
"172",323900154,"Morocco","Rabat",66,1,15,14,13,15,3,0,65,0.230769230769231,0.215384615384615,0.2,0.230769230769231,0.0461538461538462,0,60,0.909090909090909,1,3,4,1,5,6,1,3,4,1,5,6
"173",324000155,"Mexico","Mexico City",68,6,12,9,22,8,5,0,62,0.193548387096774,0.145161290322581,0.354838709677419,0.129032258064516,0.0806451612903226,0,56,0.823529411764706,2,3,1,4,5,6,2,3,1,4,5,6
"174",324200157,"Moldova","Kishinew",218,8,7,115,27,34,4,1,210,0.0333333333333333,0.547619047619048,0.128571428571429,0.161904761904762,0.019047619047619,0.00476190476190476,188,0.862385321100917,4,1,3,2,5,6,4,1,3,2,5,6
"175",324200158,"Moldova","Tarakliya",438,10,4,208,69,43,23,3,428,0.00934579439252336,0.485981308411215,0.161214953271028,0.100467289719626,0.0537383177570093,0.00700934579439252,350,0.799086757990868,5,1,2,3,4,6,5,1,2,3,4,6
"176",324400167,"Nigeria","Abuja",37,2,8,14,4,4,3,0,35,0.228571428571429,0.4,0.114285714285714,0.114285714285714,0.0857142857142857,0,33,0.891891891891892,2,1,3,3,5,6,2,1,3,3,5,6
"177",324300162,"Netherlands","Eindhoven",201,21,60,46,22,21,12,2,180,0.333333333333333,0.255555555555556,0.122222222222222,0.116666666666667,0.0666666666666667,0.0111111111111111,163,0.810945273631841,1,2,3,4,5,6,1,2,3,4,5,6
"178",324300160,"Netherlands","Amsterdam",580,37,220,71,89,73,31,3,543,0.405156537753223,0.130755064456722,0.16390423572744,0.134438305709024,0.0570902394106814,0.00552486187845304,487,0.839655172413793,1,4,2,3,5,6,1,4,2,3,5,6
"179",324300163,"Netherlands","Gronningen",178,6,65,32,18,17,16,1,172,0.377906976744186,0.186046511627907,0.104651162790698,0.0988372093023256,0.0930232558139535,0.00581395348837209,149,0.837078651685393,1,2,3,4,5,6,1,2,3,4,5,6
"180",324300164,"Netherlands","Enschede",108,10,27,17,21,14,5,1,98,0.275510204081633,0.173469387755102,0.214285714285714,0.142857142857143,0.0510204081632653,0.0102040816326531,85,0.787037037037037,1,3,2,4,5,6,1,3,2,4,5,6
"181",324300165,"Netherlands","Maastricht",339,27,118,68,31,28,30,1,312,0.378205128205128,0.217948717948718,0.0993589743589744,0.0897435897435897,0.0961538461538462,0.00320512820512821,276,0.814159292035398,1,2,3,5,4,6,1,2,3,5,4,6
"182",324300161,"Netherlands","Rotterdam",253,24,88,53,29,16,15,2,229,0.384279475982533,0.231441048034935,0.126637554585153,0.0698689956331878,0.0655021834061135,0.00873362445414847,203,0.802371541501976,1,2,3,4,5,6,1,2,3,4,5,6
"183",324300166,"Netherlands","Utrecht",182,12,57,29,26,22,14,4,170,0.335294117647059,0.170588235294118,0.152941176470588,0.129411764705882,0.0823529411764706,0.0235294117647059,152,0.835164835164835,1,2,3,4,5,6,1,2,3,4,5,6
"184",324300159,"Netherlands","Hague",481,36,103,90,84,55,43,19,445,0.231460674157303,0.202247191011236,0.18876404494382,0.123595505617978,0.0966292134831461,0.0426966292134831,394,0.819126819126819,1,2,3,4,5,6,1,2,3,4,5,6
"185",324600174,"New Zealand","Oakland",93,2,27,19,16,7,2,1,91,0.296703296703297,0.208791208791209,0.175824175824176,0.0769230769230769,0.021978021978022,0.010989010989011,72,0.774193548387097,1,2,3,4,5,6,1,2,3,4,5,6
"186",324500173,"Norway","Bergen",94,5,12,14,18,13,9,0,89,0.134831460674157,0.157303370786517,0.202247191011236,0.146067415730337,0.101123595505618,0,66,0.702127659574468,4,2,1,3,5,6,4,2,1,3,5,6
"187",324500170,"Norway","Kristiansand",40,2,6,6,5,7,7,0,38,0.157894736842105,0.157894736842105,0.131578947368421,0.184210526315789,0.184210526315789,0,31,0.775,3,3,5,1,1,6,3,3,5,1,1,6
"188",324500168,"Norway","Oslo",305,33,55,58,57,52,16,4,272,0.202205882352941,0.213235294117647,0.209558823529412,0.191176470588235,0.0588235294117647,0.0147058823529412,242,0.79344262295082,3,1,2,4,5,6,3,1,2,4,5,6
"189",324500171,"Norway","Stavanger",154,13,24,36,20,31,17,1,141,0.170212765957447,0.25531914893617,0.141843971631206,0.219858156028369,0.120567375886525,0.00709219858156028,129,0.837662337662338,3,1,4,2,5,6,3,1,4,2,5,6
"190",324500172,"Norway","Tromso",81,9,14,10,15,11,12,0,72,0.194444444444444,0.138888888888889,0.208333333333333,0.152777777777778,0.166666666666667,0,62,0.765432098765432,2,5,1,4,3,6,2,5,1,4,3,6
"191",324500169,"Norway","Froja",76,2,11,14,17,14,7,0,74,0.148648648648649,0.189189189189189,0.22972972972973,0.189189189189189,0.0945945945945946,0,63,0.828947368421053,4,2,1,2,5,6,4,2,1,2,5,6
"192",324700175,"UAE","Dubai",314,14,89,53,52,55,19,3,300,0.296666666666667,0.176666666666667,0.173333333333333,0.183333333333333,0.0633333333333333,0.01,271,0.863057324840764,1,3,4,2,5,6,1,3,4,2,5,6
"193",324800176,"Palestine","Ramallah",25,5,1,15,0,0,0,0,20,0.05,0.75,0,0,0,0,16,0.64,2,1,3,3,3,3,2,1,3,3,3,3
"194",324900177,"Poland","Warsaw",230,10,66,57,33,29,9,2,220,0.3,0.259090909090909,0.15,0.131818181818182,0.0409090909090909,0.00909090909090909,196,0.852173913043478,1,2,3,4,5,6,1,2,3,4,5,6
"195",325000178,"Portugal","Lisbon",288,20,47,78,61,57,6,0,268,0.175373134328358,0.291044776119403,0.227611940298507,0.212686567164179,0.0223880597014925,0,249,0.864583333333333,4,1,2,3,5,6,4,1,2,3,5,6
"196",323200146,"Korea","Seul",35,1,21,7,4,1,0,0,34,0.617647058823529,0.205882352941176,0.117647058823529,0.0294117647058824,0,0,33,0.942857142857143,1,2,3,4,5,5,1,2,3,4,5,5
"197",323600151,"Macedonia","Bitolia",109,0,0,5,8,95,0,0,109,0,0.0458715596330275,0.073394495412844,0.871559633027523,0,0,108,0.990825688073395,4,3,2,1,4,4,4,3,2,1,4,4
"198",323600150,"Macedonia","Skopje",206,8,25,16,36,86,6,1,198,0.126262626262626,0.0808080808080808,0.181818181818182,0.434343434343434,0.0303030303030303,0.00505050505050505,170,0.825242718446602,3,4,2,1,5,6,3,4,2,1,5,6
"199",325100181,"South Africa","Capetown",87,5,13,8,17,12,2,0,82,0.158536585365854,0.0975609756097561,0.207317073170732,0.146341463414634,0.024390243902439,0,52,0.597701149425287,2,4,1,3,5,6,2,4,1,3,5,6
"200",325100180,"South Africa","Midrant",124,7,7,25,25,21,8,2,117,0.0598290598290598,0.213675213675214,0.213675213675214,0.179487179487179,0.0683760683760684,0.0170940170940171,88,0.709677419354839,5,1,1,3,4,6,5,1,1,3,4,6
"201",325100179,"South Africa","Pretoria",66,2,6,19,17,8,3,3,64,0.09375,0.296875,0.265625,0.125,0.046875,0.046875,56,0.848484848484849,4,1,2,3,5,5,4,1,2,3,5,5
"202",325200182,"Romania","Bucurest",189,20,42,38,26,22,15,1,169,0.248520710059172,0.224852071005917,0.153846153846154,0.130177514792899,0.0887573964497041,0.00591715976331361,144,0.761904761904762,1,2,3,4,5,6,1,2,3,4,5,6
"203",325300185,"Russia","Ekaterinburg",16,0,3,4,2,2,0,0,16,0.1875,0.25,0.125,0.125,0,0,11,0.6875,2,1,3,3,5,5,2,1,3,3,5,5
"204",325300183,"Russia","Moscow",459,14,52,206,30,56,30,6,445,0.11685393258427,0.462921348314607,0.0674157303370786,0.125842696629213,0.0674157303370786,0.0134831460674157,380,0.827886710239651,3,1,4,2,4,6,3,1,4,2,4,6
"205",325300184,"Russia","St Petersburg",90,7,5,32,12,14,8,0,83,0.0602409638554217,0.385542168674699,0.144578313253012,0.168674698795181,0.0963855421686747,0,71,0.788888888888889,5,1,3,2,4,6,5,1,3,2,4,6
"206",325400191,"US","Atlanta",337,26,49,127,59,41,11,1,311,0.157556270096463,0.408360128617363,0.189710610932476,0.131832797427653,0.0353697749196141,0.00321543408360129,288,0.85459940652819,3,1,2,4,5,6,3,1,2,4,5,6
"207",325400212,"US","Boston",477,21,160,100,88,52,20,0,456,0.350877192982456,0.219298245614035,0.192982456140351,0.114035087719298,0.043859649122807,0,420,0.880503144654088,1,2,3,4,5,6,1,2,3,4,5,6
"208",325400186,"US","DC",480,16,147,119,100,39,23,5,464,0.316810344827586,0.256465517241379,0.21551724137931,0.084051724137931,0.0495689655172414,0.0107758620689655,433,0.902083333333333,1,2,3,4,5,6,1,2,3,4,5,6
"209",325400213,"US","Dallas",129,10,22,40,26,22,2,0,119,0.184873949579832,0.336134453781513,0.218487394957983,0.184873949579832,0.0168067226890756,0,112,0.868217054263566,3,1,2,3,5,6,3,1,2,3,5,6
"210",325400194,"US","Denver",209,9,55,57,30,33,6,0,200,0.275,0.285,0.15,0.165,0.03,0,181,0.866028708133971,2,1,4,3,5,6,2,1,4,3,5,6
"211",325400195,"US","Des Plaines",976,46,133,279,229,167,49,1,930,0.143010752688172,0.3,0.246236559139785,0.179569892473118,0.0526881720430108,0.0010752688172043,858,0.879098360655738,4,1,2,3,5,6,4,1,2,3,5,6
"212",325400196,"US","Des Plaines",500,27,62,180,100,60,27,1,473,0.13107822410148,0.380549682875264,0.211416490486258,0.126849894291755,0.0570824524312896,0.00211416490486258,430,0.86,3,1,2,4,5,6,3,1,2,4,5,6
"213",325400214,"US","Detroit",156,8,27,32,39,24,13,0,148,0.182432432432432,0.216216216216216,0.263513513513513,0.162162162162162,0.0878378378378378,0,135,0.865384615384615,3,2,1,4,5,6,3,2,1,4,5,6
"214",325400199,"US","Jacksonville",60,1,16,16,14,7,2,0,59,0.271186440677966,0.271186440677966,0.23728813559322,0.11864406779661,0.0338983050847458,0,55,0.916666666666667,1,1,3,4,5,6,1,1,3,4,5,6
"215",325400193,"US","Concord",141,10,27,26,40,19,8,0,131,0.206106870229008,0.198473282442748,0.305343511450382,0.145038167938931,0.0610687022900763,0,120,0.851063829787234,2,3,1,4,5,6,2,3,1,4,5,6
"216",325400200,"US","Las Vegas",304,22,33,92,64,57,14,0,282,0.117021276595745,0.326241134751773,0.226950354609929,0.202127659574468,0.049645390070922,0,260,0.855263157894737,4,1,2,3,5,6,4,1,2,3,5,6
"217",325400201,"US","Linden",137,6,33,45,24,10,8,1,131,0.251908396946565,0.343511450381679,0.183206106870229,0.0763358778625954,0.0610687022900763,0.00763358778625954,121,0.883211678832117,2,1,3,4,5,6,2,1,3,4,5,6
"218",325400190,"US","Los Angeles",209,12,81,38,43,21,4,1,197,0.411167512690355,0.192893401015228,0.218274111675127,0.106598984771574,0.0203045685279188,0.0050761421319797,188,0.899521531100478,1,3,2,4,5,6,1,3,2,4,5,6
"219",325400202,"US","Naples",110,4,20,23,24,10,15,1,106,0.188679245283019,0.216981132075472,0.226415094339623,0.0943396226415094,0.141509433962264,0.00943396226415094,93,0.845454545454545,3,2,1,5,4,6,3,2,1,5,4,6
"220",325400215,"US","Norwolk",116,9,27,38,20,7,5,0,107,0.252336448598131,0.355140186915888,0.186915887850467,0.0654205607476635,0.0467289719626168,0,97,0.836206896551724,2,1,3,4,5,6,2,1,3,4,5,6
"221",325400187,"US","New York",159,5,66,35,31,8,5,2,154,0.428571428571429,0.227272727272727,0.201298701298701,0.051948051948052,0.0324675324675325,0.012987012987013,147,0.924528301886792,1,2,3,4,5,6,1,2,3,4,5,6
"222",325400188,"US","New York",328,10,105,78,56,38,12,2,318,0.330188679245283,0.245283018867925,0.176100628930818,0.119496855345912,0.0377358490566038,0.00628930817610063,291,0.88719512195122,1,2,3,4,5,6,1,2,3,4,5,6
"223",325400203,"US","New York",145,0,41,46,23,16,6,0,145,0.282758620689655,0.317241379310345,0.158620689655172,0.110344827586207,0.0413793103448276,0,132,0.910344827586207,2,1,3,4,5,6,2,1,3,4,5,6
"224",325400204,"US","Orlando",98,5,16,36,19,12,5,0,93,0.172043010752688,0.387096774193548,0.204301075268817,0.129032258064516,0.0537634408602151,0,88,0.897959183673469,3,1,2,4,5,6,3,1,2,4,5,6
"225",325400216,"US","Pittsburg",73,5,23,10,18,7,2,1,68,0.338235294117647,0.147058823529412,0.264705882352941,0.102941176470588,0.0294117647058824,0.0147058823529412,61,0.835616438356164,1,3,2,4,5,6,1,3,2,4,5,6
"226",325400217,"US","Richmond",96,4,26,26,13,8,7,1,92,0.282608695652174,0.282608695652174,0.141304347826087,0.0869565217391304,0.0760869565217391,0.0108695652173913,81,0.84375,1,1,3,4,5,6,1,1,3,4,5,6
"227",325400207,"US","Sacramento",73,0,17,26,16,4,2,0,73,0.232876712328767,0.356164383561644,0.219178082191781,0.0547945205479452,0.0273972602739726,0,65,0.89041095890411,2,1,3,4,5,6,2,1,3,4,5,6
"228",325400210,"US","San Antonio",79,3,26,21,10,8,6,0,76,0.342105263157895,0.276315789473684,0.131578947368421,0.105263157894737,0.0789473684210526,0,71,0.89873417721519,1,2,3,4,5,6,1,2,3,4,5,6
"229",325400211,"US","San Diego",146,7,50,41,14,18,5,0,139,0.359712230215827,0.294964028776978,0.100719424460432,0.129496402877698,0.0359712230215827,0,128,0.876712328767123,1,2,4,3,5,6,1,2,4,3,5,6
"230",325400218,"US","San Francisco",143,7,65,19,24,11,5,0,136,0.477941176470588,0.139705882352941,0.176470588235294,0.0808823529411765,0.0367647058823529,0,124,0.867132867132867,1,3,2,4,5,6,1,3,2,4,5,6
"231",325400208,"US","St Petersburg",228,18,32,70,48,27,20,1,210,0.152380952380952,0.333333333333333,0.228571428571429,0.128571428571429,0.0952380952380952,0.00476190476190476,198,0.868421052631579,3,1,2,4,5,6,3,1,2,4,5,6
"232",325400219,"US","Seattle",288,18,63,77,61,31,12,1,270,0.233333333333333,0.285185185185185,0.225925925925926,0.114814814814815,0.0444444444444444,0.0037037037037037,245,0.850694444444444,2,1,3,4,5,6,2,1,3,4,5,6
"233",325400192,"US","Cincinnatti",105,6,19,24,28,10,5,0,99,0.191919191919192,0.242424242424242,0.282828282828283,0.101010101010101,0.0505050505050505,0,86,0.819047619047619,3,2,1,4,5,6,3,2,1,4,5,6
"234",325400209,"US","Sunnyvale",230,13,81,62,34,21,5,3,217,0.373271889400922,0.285714285714286,0.15668202764977,0.0967741935483871,0.0230414746543779,0.0138248847926267,206,0.895652173913044,1,2,3,4,5,6,1,2,3,4,5,6
"235",325400205,"US","Philadelphia",166,4,49,37,36,25,0,0,162,0.302469135802469,0.228395061728395,0.222222222222222,0.154320987654321,0,0,147,0.885542168674699,1,2,3,4,5,5,1,2,3,4,5,5
"236",325400206,"US","Phoenix",164,8,29,41,46,19,10,0,156,0.185897435897436,0.262820512820513,0.294871794871795,0.121794871794872,0.0641025641025641,0,145,0.884146341463415,3,2,1,4,5,6,3,2,1,4,5,6
"237",325400220,"US","Ft Lauderdale",174,6,35,42,45,22,5,1,168,0.208333333333333,0.25,0.267857142857143,0.130952380952381,0.0297619047619048,0.00595238095238095,150,0.862068965517241,3,2,1,4,5,6,3,2,1,4,5,6
"238",325400197,"US","Houston",145,1,47,29,25,15,10,2,144,0.326388888888889,0.201388888888889,0.173611111111111,0.104166666666667,0.0694444444444444,0.0138888888888889,128,0.882758620689655,1,2,3,4,5,6,1,2,3,4,5,6
"239",325400189,"US","Chicago",143,2,50,25,35,11,8,0,141,0.354609929078014,0.177304964539007,0.24822695035461,0.0780141843971631,0.0567375886524823,0,129,0.902097902097902,1,3,2,4,5,6,1,3,2,4,5,6
"240",325400198,"US","Irvine",155,4,50,44,30,13,2,1,151,0.33112582781457,0.291390728476821,0.198675496688742,0.0860927152317881,0.0132450331125828,0.00662251655629139,140,0.903225806451613,1,2,3,4,5,6,1,2,3,4,5,6
"241",325500221,"Singapore","Sinapore",79,2,45,13,10,2,0,0,77,0.584415584415584,0.168831168831169,0.12987012987013,0.025974025974026,0,0,70,0.886075949367089,1,2,3,4,5,5,1,2,3,4,5,5
"242",325600222,"Slovakia","Bratislava",211,17,56,42,32,27,12,0,194,0.288659793814433,0.216494845360825,0.164948453608247,0.139175257731959,0.0618556701030928,0,169,0.800947867298578,1,2,3,4,5,6,1,2,3,4,5,6
"243",325700223,"Slovenia","Ljubljana",133,8,18,21,31,22,20,0,125,0.144,0.168,0.248,0.176,0.16,0,112,0.842105263157895,5,3,1,2,4,6,5,3,1,2,4,6
"244",325800224,"Serbia","Beograd",121,8,20,27,24,21,3,1,113,0.176991150442478,0.238938053097345,0.212389380530973,0.185840707964602,0.0265486725663717,0.00884955752212389,96,0.793388429752066,4,1,2,3,5,6,4,1,2,3,5,6
"245",325800226,"Serbia","Bosilegrad",212,5,16,8,83,61,9,0,207,0.0772946859903382,0.0386473429951691,0.400966183574879,0.294685990338164,0.0434782608695652,0,177,0.834905660377358,3,5,1,2,4,6,3,5,1,2,4,6
"246",325800227,"Serbia","Dimtrovgrad",230,11,20,37,78,56,3,2,219,0.091324200913242,0.168949771689498,0.356164383561644,0.255707762557078,0.0136986301369863,0.0091324200913242,196,0.852173913043478,4,3,1,2,5,6,4,3,1,2,5,6
"247",325800225,"Serbia","Nish",53,3,7,8,19,9,2,0,50,0.14,0.16,0.38,0.18,0.04,0,45,0.849056603773585,4,3,1,2,5,6,4,3,1,2,5,6
"248",325900228,"Tunisia","Tunis",47,2,7,10,11,7,2,0,45,0.155555555555556,0.222222222222222,0.244444444444444,0.155555555555556,0.0444444444444444,0,37,0.787234042553192,3,2,1,3,5,6,3,2,1,3,5,6
"249",326000229,"Turkey","Ankara",215,7,6,24,110,5,3,38,208,0.0288461538461538,0.115384615384615,0.528846153846154,0.0240384615384615,0.0144230769230769,0.182692307692308,186,0.865116279069767,4,3,1,5,6,2,4,3,1,5,6,2
"250",326000233,"Turkey","Ankara",558,12,6,12,401,1,7,113,546,0.010989010989011,0.021978021978022,0.734432234432234,0.00183150183150183,0.0128205128205128,0.206959706959707,540,0.967741935483871,5,3,1,6,4,2,5,3,1,6,4,2
"251",326000232,"Turkey","Bursa",818,6,17,14,475,1,7,264,812,0.020935960591133,0.0172413793103448,0.584975369458128,0.00123152709359606,0.00862068965517241,0.32512315270936,778,0.951100244498778,3,4,1,6,5,2,3,4,1,6,5,2
"252",326000248,"Turkey","Bursa",1077,7,0,5,442,0,1,597,1070,0,0.00467289719626168,0.413084112149533,0,0.000934579439252336,0.557943925233645,1045,0.970287836583101,5,3,2,5,4,1,5,3,2,5,4,1
"253",326000249,"Turkey","Bursa",830,3,13,7,265,3,10,506,827,0.0157194679564692,0.00846432889963724,0.32043530834341,0.00362756952841596,0.0120918984280532,0.611850060459492,804,0.968674698795181,3,5,2,6,4,1,3,5,2,6,4,1
"254",326000250,"Turkey","Bursa",964,4,5,3,750,1,1,175,960,0.00520833333333333,0.003125,0.78125,0.00104166666666667,0.00104166666666667,0.182291666666667,935,0.969917012448133,3,4,1,5,5,2,3,4,1,5,5,2
"255",326000251,"Turkey","Bursa",880,5,2,14,335,1,11,486,875,0.00228571428571429,0.016,0.382857142857143,0.00114285714285714,0.0125714285714286,0.555428571428571,849,0.964772727272727,5,3,2,6,4,1,5,3,2,6,4,1
"256",326000252,"Turkey","Bursa",737,1,1,1,408,1,3,296,736,0.00135869565217391,0.00135869565217391,0.554347826086957,0.00135869565217391,0.00407608695652174,0.402173913043478,710,0.963364993215739,4,4,1,4,3,2,4,4,1,4,3,2
"257",326000253,"Turkey","Bursa",322,1,1,5,154,0,4,143,321,0.00311526479750779,0.0155763239875389,0.479750778816199,0,0.0124610591900312,0.445482866043614,307,0.953416149068323,5,3,1,6,4,2,5,3,1,6,4,2
"258",326000254,"Turkey","Bursa",832,3,1,6,427,1,3,355,829,0.00120627261761158,0.00723763570566948,0.515078407720145,0.00120627261761158,0.00361881785283474,0.428226779252111,793,0.953125,5,3,1,5,4,2,5,3,1,5,4,2
"259",326000256,"Turkey","Buyukkaristiran",475,1,2,0,383,0,1,79,474,0.00421940928270042,0,0.808016877637131,0,0.00210970464135021,0.166666666666667,465,0.978947368421053,3,5,1,5,4,2,3,5,1,5,4,2
"260",326000257,"Turkey","Ergene",959,11,3,7,252,1,16,635,948,0.00316455696202532,0.00738396624472574,0.265822784810127,0.00105485232067511,0.0168776371308017,0.669831223628692,914,0.953076120959333,5,4,2,6,3,1,5,4,2,6,3,1
"261",326000258,"Turkey","Izmir",615,5,1,3,119,2,6,458,610,0.00163934426229508,0.00491803278688525,0.195081967213115,0.00327868852459016,0.00983606557377049,0.750819672131148,589,0.957723577235772,6,4,2,5,3,1,6,4,2,5,3,1
"262",326000234,"Turkey","Izmir",1173,5,11,7,798,4,2,337,1168,0.00941780821917808,0.00599315068493151,0.683219178082192,0.00342465753424658,0.00171232876712329,0.288527397260274,1159,0.988064791133845,3,4,1,5,6,2,3,4,1,5,6,2
"263",326000235,"Turkey","Izmir",1150,7,5,8,508,0,0,592,1143,0.00437445319335083,0.00699912510936133,0.444444444444444,0,0,0.517935258092738,1113,0.967826086956522,4,3,2,5,5,1,4,3,2,5,5,1
"264",326000236,"Turkey","Izmir",848,4,7,3,494,2,4,302,844,0.00829383886255924,0.00355450236966825,0.585308056872038,0.0023696682464455,0.004739336492891,0.35781990521327,812,0.957547169811321,3,5,1,6,4,2,3,5,1,6,4,2
"265",326000237,"Turkey","Izmir",881,2,10,3,547,1,7,292,879,0.0113765642775882,0.00341296928327645,0.622298065984073,0.00113765642775882,0.00796359499431172,0.332195676905574,860,0.976163450624291,3,5,1,6,4,2,3,5,1,6,4,2
"266",326000238,"Turkey","Izmir",891,4,5,5,663,2,1,184,887,0.0056369785794814,0.0056369785794814,0.747463359639233,0.00225479143179256,0.00112739571589628,0.207440811724915,860,0.965207631874299,3,3,1,5,6,2,3,3,1,5,6,2
"267",326000239,"Turkey","Izmir",919,13,6,15,649,0,4,196,906,0.00662251655629139,0.0165562913907285,0.716335540838852,0,0.00441501103752759,0.216335540838852,870,0.946681175190424,4,3,1,6,5,2,4,3,1,6,5,2
"268",326000230,"Turkey","Istanbul",289,14,9,26,109,4,17,94,275,0.0327272727272727,0.0945454545454545,0.396363636363636,0.0145454545454545,0.0618181818181818,0.341818181818182,259,0.896193771626298,5,3,1,6,4,2,5,3,1,6,4,2
"269",326000240,"Turkey","Istanbul",923,14,8,19,257,1,12,578,909,0.0088008800880088,0.0209020902090209,0.282728272827283,0.0011001100110011,0.0132013201320132,0.635863586358636,875,0.947995666305525,5,3,2,6,4,1,5,3,2,6,4,1
"270",326000241,"Turkey","Istanbul",1101,21,5,41,212,1,41,737,1080,0.00462962962962963,0.037962962962963,0.196296296296296,0.000925925925925926,0.037962962962963,0.682407407407407,1037,0.941871026339691,5,3,2,6,3,1,5,3,2,6,3,1
"271",326000242,"Turkey","Istanbul",863,4,0,10,139,1,12,676,859,0,0.0116414435389988,0.161816065192084,0.00116414435389988,0.0139697322467986,0.786961583236321,838,0.971031286210892,6,4,2,5,3,1,6,4,2,5,3,1
"272",326000243,"Turkey","Istanbul",640,6,2,15,231,3,21,335,634,0.00315457413249211,0.0236593059936909,0.364353312302839,0.00473186119873817,0.0331230283911672,0.528391167192429,607,0.9484375,6,4,2,5,3,1,6,4,2,5,3,1
"273",326000244,"Turkey","Istanbul",304,3,1,3,100,3,3,174,301,0.00332225913621262,0.00996677740863787,0.332225913621262,0.00996677740863787,0.00996677740863787,0.578073089700997,284,0.934210526315789,6,3,2,3,3,1,6,3,2,3,3,1
"274",326000245,"Turkey","Istanbul",555,1,12,10,108,5,11,393,554,0.0216606498194946,0.0180505415162455,0.194945848375451,0.00902527075812274,0.01985559566787,0.709386281588448,539,0.971171171171171,3,5,2,6,4,1,3,5,2,6,4,1
"275",326000259,"Turkey","Capakli",1325,7,2,4,113,2,11,1175,1318,0.00151745068285281,0.00303490136570561,0.0857359635811836,0.00151745068285281,0.00834597875569044,0.891502276176024,1307,0.986415094339623,5,4,2,5,3,1,5,4,2,5,3,1
"276",326000246,"Turkey","Kocaeli",730,3,5,6,435,2,5,261,727,0.00687757909215956,0.00825309491059147,0.598349381017882,0.00275103163686382,0.00687757909215956,0.359009628610729,714,0.978082191780822,4,3,1,6,4,2,4,3,1,6,4,2
"277",326000247,"Turkey","Kocaeli",1202,10,5,13,847,1,2,293,1192,0.00419463087248322,0.0109060402684564,0.710570469798658,0.000838926174496644,0.00167785234899329,0.245805369127517,1161,0.965890183028286,4,3,1,6,5,2,4,3,1,6,5,2
"278",326000260,"Turkey","Luleburgas",692,2,9,3,496,1,9,143,690,0.0130434782608696,0.00434782608695652,0.718840579710145,0.00144927536231884,0.0130434782608696,0.207246376811594,661,0.955202312138728,3,5,1,6,3,2,3,5,1,6,3,2
"279",326000231,"Turkey","Ederne",593,8,4,15,298,5,19,193,585,0.00683760683760684,0.0256410256410256,0.509401709401709,0.00854700854700855,0.0324786324786325,0.32991452991453,534,0.900505902192243,6,4,1,5,3,2,6,4,1,5,3,2
"280",326000261,"Turkey","Tekirda",738,3,16,3,215,1,12,437,735,0.0217687074829932,0.00408163265306122,0.292517006802721,0.00136054421768707,0.0163265306122449,0.594557823129252,684,0.926829268292683,3,5,2,6,4,1,3,5,2,6,4,1
"281",326000262,"Turkey","Corlu",2024,11,12,8,264,1,25,1644,2013,0.00596125186289121,0.00397416790859414,0.131147540983607,0.000496770988574267,0.0124192747143567,0.816691505216095,1954,0.965415019762846,4,5,2,6,3,1,4,5,2,6,3,1
"282",326000263,"Turkey","Corlu",1474,16,9,18,149,6,29,1179,1458,0.00617283950617284,0.0123456790123457,0.102194787379973,0.00411522633744856,0.0198902606310014,0.808641975308642,1390,0.943012211668928,5,4,2,6,3,1,5,4,2,6,3,1
"283",326000255,"Turkey","Yalova",1031,6,0,1,372,1,2,633,1025,0,0.000975609756097561,0.362926829268293,0.000975609756097561,0.00195121951219512,0.617560975609756,1009,0.978661493695441,6,4,2,4,3,1,6,4,2,4,3,1
"284",326300267,"Uzbekistan","Tashkent",15,4,1,2,5,1,0,0,11,0.0909090909090909,0.181818181818182,0.454545454545455,0.0909090909090909,0,0,9,0.6,3,2,1,3,5,5,3,2,1,3,5,5
"285",326200265,"Urkaine","Kiev",86,1,21,27,18,3,5,0,85,0.247058823529412,0.317647058823529,0.211764705882353,0.0352941176470588,0.0588235294117647,0,74,0.86046511627907,2,1,3,5,4,6,2,1,3,5,4,6
"286",326200266,"Urkaine","Odessa",56,1,8,17,14,7,6,0,55,0.145454545454545,0.309090909090909,0.254545454545455,0.127272727272727,0.109090909090909,0,52,0.928571428571429,3,1,2,4,5,6,3,1,2,4,5,6
"287",326100264,"Hungary","Budapest",187,8,54,33,25,34,7,1,179,0.301675977653631,0.184357541899441,0.139664804469274,0.189944134078212,0.0391061452513966,0.00558659217877095,154,0.823529411764706,1,3,4,2,5,6,1,3,4,2,5,6
"288",326600287,"Finland","Tampere",90,11,23,13,11,16,8,1,79,0.291139240506329,0.164556962025316,0.139240506329114,0.20253164556962,0.10126582278481,0.0126582278481013,72,0.8,1,3,4,2,5,6,1,3,4,2,5,6
"289",326600286,"Finland","Helsinki",218,14,32,40,46,51,15,3,204,0.156862745098039,0.196078431372549,0.225490196078431,0.25,0.0735294117647059,0.0147058823529412,187,0.857798165137615,4,3,2,1,5,6,4,3,2,1,5,6
"290",326400268,"Germany","Berlin",763,43,236,160,104,85,45,5,720,0.327777777777778,0.222222222222222,0.144444444444444,0.118055555555556,0.0625,0.00694444444444444,635,0.832241153342071,1,2,3,4,5,6,1,2,3,4,5,6
"291",326400305,"Germany","Berlin",815,61,246,149,112,104,48,10,754,0.326259946949602,0.197612732095491,0.148541114058355,0.137931034482759,0.0636604774535809,0.013262599469496,669,0.820858895705522,1,2,3,4,5,6,1,2,3,4,5,6
"292",326400272,"Germany","Darmstadt",514,35,142,87,59,67,50,7,479,0.296450939457203,0.181628392484342,0.123173277661795,0.139874739039666,0.104384133611691,0.0146137787056367,412,0.801556420233463,1,2,4,3,5,6,1,2,4,3,5,6
"293",326400273,"Germany","Magdeburg",245,15,62,42,41,29,22,1,230,0.269565217391304,0.182608695652174,0.178260869565217,0.126086956521739,0.0956521739130435,0.00434782608695652,197,0.804081632653061,1,2,3,4,5,6,1,2,3,4,5,6
"294",326400275,"Germany","Munster",681,43,184,127,89,82,55,8,638,0.288401253918495,0.199059561128527,0.139498432601881,0.128526645768025,0.0862068965517241,0.0125391849529781,545,0.800293685756241,1,2,3,4,5,6,1,2,3,4,5,6
"295",326400269,"Germany","Munich",643,29,220,137,95,61,40,1,614,0.358306188925081,0.223127035830619,0.154723127035831,0.0993485342019544,0.0651465798045603,0.00162866449511401,554,0.861586314152411,1,2,3,4,5,6,1,2,3,4,5,6
"296",326400306,"Germany","Munich",823,44,215,162,128,116,54,4,779,0.27599486521181,0.20795892169448,0.164313222079589,0.148908857509628,0.0693196405648267,0.00513478818998716,679,0.825030376670717,1,2,3,4,5,6,1,2,3,4,5,6
"297",326400307,"Germany","Munich",622,44,165,101,97,94,48,5,578,0.285467128027682,0.174740484429066,0.167820069204152,0.162629757785467,0.0830449826989619,0.00865051903114187,510,0.819935691318328,1,2,3,4,5,6,1,2,3,4,5,6
"298",326400270,"Germany","Frankfurt am Mein",719,42,200,156,89,86,53,6,677,0.295420974889217,0.230428360413589,0.131462333825702,0.127031019202363,0.0782865583456425,0.00886262924667651,590,0.820584144645341,1,2,3,4,5,6,1,2,3,4,5,6
"299",326400308,"Germany","Frankfurt am Mein",643,52,163,140,92,80,48,2,591,0.27580372250423,0.236886632825719,0.155668358714044,0.135363790186125,0.0812182741116751,0.00338409475465313,525,0.816485225505443,1,2,3,4,5,6,1,2,3,4,5,6
"300",326400271,"Germany","Hamburg",682,56,130,129,129,81,52,6,626,0.207667731629393,0.206070287539936,0.206070287539936,0.129392971246006,0.0830670926517572,0.00958466453674121,527,0.772727272727273,1,2,2,4,5,6,1,2,2,4,5,6
"301",326400274,"Germany","Stuttgart",648,43,173,125,106,88,52,6,605,0.285950413223141,0.206611570247934,0.175206611570248,0.145454545454545,0.0859504132231405,0.00991735537190083,550,0.848765432098765,1,2,3,4,5,6,1,2,3,4,5,6
"302",326500281,"France","Bordeaux",149,15,22,29,30,24,9,6,134,0.164179104477612,0.216417910447761,0.223880597014925,0.17910447761194,0.0671641791044776,0.0447761194029851,120,0.805369127516778,4,2,1,3,5,6,4,2,1,3,5,6
"303",326500282,"France","Lilles",96,7,23,21,14,13,2,2,89,0.258426966292135,0.235955056179775,0.157303370786517,0.146067415730337,0.0224719101123595,0.0224719101123595,75,0.78125,1,2,3,4,5,5,1,2,3,4,5,5
"304",326500285,"France","Lyonnes",323,22,49,77,66,36,23,2,301,0.162790697674419,0.255813953488372,0.219269102990033,0.119601328903654,0.0764119601328904,0.00664451827242525,253,0.78328173374613,3,1,2,4,5,6,3,1,2,4,5,6
"305",326500278,"France","Montpelier",140,9,33,35,22,14,10,2,131,0.251908396946565,0.267175572519084,0.16793893129771,0.106870229007634,0.0763358778625954,0.0152671755725191,116,0.828571428571429,2,1,3,4,5,6,2,1,3,4,5,6
"306",326500279,"France","Nantes",98,9,23,15,12,11,18,2,89,0.258426966292135,0.168539325842697,0.134831460674157,0.123595505617978,0.202247191011236,0.0224719101123595,81,0.826530612244898,1,3,4,5,2,6,1,3,4,5,2,6
"307",326500283,"France","Nice",314,21,62,68,71,33,28,0,293,0.21160409556314,0.232081911262799,0.242320819112628,0.112627986348123,0.0955631399317406,0,262,0.834394904458599,3,2,1,4,5,6,3,2,1,4,5,6
"308",326500276,"France","Paris",1210,95,326,250,187,135,65,19,1115,0.29237668161435,0.224215246636771,0.167713004484305,0.121076233183857,0.0582959641255605,0.0170403587443946,982,0.811570247933884,1,2,3,4,5,6,1,2,3,4,5,6
"309",326500280,"France","Saint-Nazaire",209,17,10,40,33,19,63,7,192,0.0520833333333333,0.208333333333333,0.171875,0.0989583333333333,0.328125,0.0364583333333333,172,0.822966507177033,5,2,3,4,1,6,5,2,3,4,1,6
"310",326500277,"France","Strasbourg",392,28,100,83,55,43,20,1,364,0.274725274725275,0.228021978021978,0.151098901098901,0.118131868131868,0.0549450549450549,0.00274725274725275,302,0.770408163265306,1,2,3,4,5,6,1,2,3,4,5,6
"311",326500284,"France","Toulouse",186,16,38,38,36,20,12,2,170,0.223529411764706,0.223529411764706,0.211764705882353,0.117647058823529,0.0705882352941176,0.0117647058823529,146,0.78494623655914,1,1,3,4,5,6,1,1,3,4,5,6
"312",326700288,"Croatia","Zagreb",39,3,13,10,3,2,0,1,36,0.361111111111111,0.277777777777778,0.0833333333333333,0.0555555555555556,0,0.0277777777777778,29,0.743589743589744,1,2,3,4,6,5,1,2,3,4,6,5
"313",326800289,"Montenegro","Podgorica",13,1,3,4,4,1,0,0,12,0.25,0.333333333333333,0.333333333333333,0.0833333333333333,0,0,12,0.923076923076923,3,1,1,4,5,5,3,1,1,4,5,5
"314",326900291,"Czech Republic","Brno",175,15,49,25,24,26,8,0,160,0.30625,0.15625,0.15,0.1625,0.05,0,132,0.754285714285714,1,3,4,2,5,6,1,3,4,2,5,6
"315",326900290,"Czech Republic","Prague",712,44,124,138,131,134,44,2,668,0.18562874251497,0.206586826347305,0.196107784431138,0.20059880239521,0.0658682634730539,0.0029940119760479,573,0.804775280898876,4,1,3,2,5,6,4,1,3,2,5,6
"316",327000296,"Switzerland","Basel",206,15,72,34,40,16,7,1,191,0.37696335078534,0.178010471204188,0.209424083769634,0.0837696335078534,0.0366492146596859,0.00523560209424084,170,0.825242718446602,1,3,2,4,5,6,1,3,2,4,5,6
"317",327000292,"Switzerland","Bern",189,9,51,33,35,20,11,1,180,0.283333333333333,0.183333333333333,0.194444444444444,0.111111111111111,0.0611111111111111,0.00555555555555556,151,0.798941798941799,1,3,2,4,5,6,1,3,2,4,5,6
"318",327000293,"Switzerland","Geneva",322,15,103,64,66,32,10,1,307,0.335504885993485,0.208469055374593,0.214983713355049,0.104234527687296,0.0325732899022801,0.00325732899022801,276,0.857142857142857,1,3,2,4,5,6,1,3,2,4,5,6
"319",327000294,"Switzerland","Lausanne",125,10,49,17,15,19,2,0,115,0.426086956521739,0.147826086956522,0.130434782608696,0.165217391304348,0.0173913043478261,0,102,0.816,1,3,4,2,5,6,1,3,4,2,5,6
"320",327000295,"Switzerland","St Galenne",60,1,13,13,7,10,5,0,59,0.220338983050847,0.220338983050847,0.11864406779661,0.169491525423729,0.0847457627118644,0,48,0.8,1,1,4,3,5,6,1,1,4,3,5,6
"321",327000297,"Switzerland","Zurich",543,38,204,78,55,71,35,2,505,0.403960396039604,0.154455445544554,0.108910891089109,0.140594059405941,0.0693069306930693,0.00396039603960396,445,0.819521178637201,1,2,4,3,5,6,1,2,4,3,5,6
"322",327100299,"Sweden","Goteborgs",108,6,31,9,31,7,5,1,102,0.303921568627451,0.0882352941176471,0.303921568627451,0.0686274509803922,0.0490196078431373,0.00980392156862745,84,0.777777777777778,1,3,1,4,5,6,1,3,1,4,5,6
"323",327100300,"Sweden","Malmo",125,7,24,25,43,10,6,0,118,0.203389830508475,0.211864406779661,0.364406779661017,0.0847457627118644,0.0508474576271186,0,108,0.864,3,2,1,4,5,6,3,2,1,4,5,6
"324",327100298,"Sweden","Stockholm",369,20,103,63,75,45,17,16,349,0.29512893982808,0.180515759312321,0.214899713467049,0.128939828080229,0.0487106017191977,0.0458452722063037,319,0.86449864498645,1,3,2,4,5,6,1,3,2,4,5,6
"325",327200301,"Japan","Tokyo",74,5,35,14,2,4,1,0,69,0.507246376811594,0.202898550724638,0.0289855072463768,0.0579710144927536,0.0144927536231884,0,56,0.756756756756757,1,2,4,3,5,6,1,2,4,3,5,6
