,section.id,country,city,country_c,city_c,valid,protest,tt,rr,cc,kk,vm,po
1,320100003,Australia,Brisbane,<U+0410><U+0432><U+0441><U+0442><U+0440><U+0430><U+043B><U+0438><U+044F>,<U+0411><U+0440><U+0438><U+0437><U+0431><U+0435>,45,2,14,13,4,7,4,0
2,320100001,Australia,Canberra,<U+0410><U+0432><U+0441><U+0442><U+0440><U+0430><U+043B><U+0438><U+044F>,<U+041A><U+0430><U+043D><U+0431><U+0435><U+0440>,40,1,3,17,11,0,1,0
3,320100004,Australia,Melbourne,<U+0410><U+0432><U+0441><U+0442><U+0440><U+0430><U+043B><U+0438><U+044F>,<U+041C><U+0435><U+043B><U+0431><U+044A><U+0440>,115,3,45,13,24,22,1,0
4,320100005,Australia,Perth,<U+0410><U+0432><U+0441><U+0442><U+0440><U+0430><U+043B><U+0438><U+044F>,"<U+041F><U+044A><U+0440><U+0442>	",81,9,30,11,11,7,2,0
5,320100002,Australia,Sidney,<U+0410><U+0432><U+0441><U+0442><U+0440><U+0430><U+043B><U+0438><U+044F>,"<U+0421><U+0438><U+0434><U+043D><U+0438>	",148,8,60,22,16,10,8,1
6,320200012,Austria,Bregenz,<U+0410><U+0432><U+0441><U+0442><U+0440><U+0438><U+044F>,"<U+0411><U+0440><U+0435><U+0433><U+0435><U+043D><U+0446>	",122,13,23,19,24,14,19,0
7,320200006,Austria,Vienna,<U+0410><U+0432><U+0441><U+0442><U+0440><U+0438><U+044F>,"<U+0412><U+0438><U+0435><U+043D><U+0430>	",608,32,149,100,112,71,51,20
8,320200007,Austria,Vienna,<U+0410><U+0432><U+0441><U+0442><U+0440><U+0438><U+044F>,"<U+0412><U+0438><U+0435><U+043D><U+0430>	",761,61,243,141,107,82,43,11
9,320200013,Austria,Vienna,<U+0410><U+0432><U+0441><U+0442><U+0440><U+0438><U+044F>,"<U+0412><U+0438><U+0435><U+043D><U+0430>	",558,35,177,112,75,66,28,4
10,320200302,Austria,Vienna,<U+0410><U+0432><U+0441><U+0442><U+0440><U+0438><U+044F>,"<U+0412><U+0438><U+0435><U+043D><U+0430>	",505,30,154,89,77,72,28,7
11,320200011,Austria,Graz,<U+0410><U+0432><U+0441><U+0442><U+0440><U+0438><U+044F>,"<U+0413><U+0440><U+0430><U+0446>	",168,9,41,22,25,31,13,0
12,320200010,Austria,Salzburg,<U+0410><U+0432><U+0441><U+0442><U+0440><U+0438><U+044F>,<U+0417><U+0430><U+043B><U+0446><U+0431><U+0443><U+0440><U+0433>,214,15,22,59,21,40,26,2
13,320200008,Austria,Innsbruck,<U+0410><U+0432><U+0441><U+0442><U+0440><U+0438><U+044F>,"<U+0418><U+043D><U+0441><U+0431><U+0440><U+0443><U+043A>	",183,16,36,33,32,32,26,1
14,320200009,Austria,Linz,<U+0410><U+0432><U+0441><U+0442><U+0440><U+0438><U+044F>,"<U+041B><U+0438><U+043D><U+0446>	",200,18,31,37,42,22,24,1
15,320300014,Azerbaijan,Baku,<U+0410><U+0437><U+0435><U+0440><U+0431><U+0430><U+0439><U+0434><U+0436><U+0430><U+043D>,<U+0411><U+0430><U+043A><U+0443>,27,2,3,5,5,1,4,0
16,320400015,Albania,Tirana,<U+0410><U+043B><U+0431><U+0430><U+043D><U+0438><U+044F>,"<U+0422><U+0438><U+0440><U+0430><U+043D><U+0430>	",134,2,6,26,13,63,4,2
17,320500016,Algeria,Algeria,<U+0410><U+043B><U+0436><U+0438><U+0440>,"<U+0410><U+043B><U+0436><U+0438><U+0440>	",61,3,4,27,14,3,0,1
18,320700018,Argentina,Buenos Aires,<U+0410><U+0440><U+0436><U+0435><U+043D><U+0442><U+0438><U+043D><U+0430>,<U+0411><U+0443><U+0435><U+043D><U+043E><U+0441>,17,0,3,6,2,2,2,0
19,320600017,Armenia,Erevan,<U+0410><U+0440><U+043C><U+0435><U+043D><U+0438><U+044F>,"<U+0415><U+0440><U+0435><U+0432><U+0430><U+043D>	",22,0,1,7,5,5,0,0
20,320800019,Belarus,Minsk,<U+0411><U+0435><U+043B><U+0430><U+0440><U+0443><U+0441>,"<U+041C><U+0438><U+043D><U+0441><U+043A>	",27,0,4,13,1,5,1,0
21,320900022,Belgium,Antwerpen,<U+0411><U+0435><U+043B><U+0433><U+0438><U+044F>,<U+0410><U+043D><U+0442><U+0432><U+0435><U+0440><U+043F><U+0435><U+043D>,411,41,45,76,83,53,65,13
22,320900020,Belgium,Brussels,<U+0411><U+0435><U+043B><U+0433><U+0438><U+044F>,"<U+0411><U+0440><U+044E><U+043A><U+0441><U+0435><U+043B>	",487,26,138,113,75,48,12,9
23,320900021,Belgium,Brussels,<U+0411><U+0435><U+043B><U+0433><U+0438><U+044F>,"<U+0411><U+0440><U+044E><U+043A><U+0441><U+0435><U+043B>	",821,41,263,161,105,72,41,37
24,320900023,Belgium,Gent,<U+0411><U+0435><U+043B><U+0433><U+0438><U+044F>,"<U+0413><U+0435><U+043D><U+0442>	",477,36,45,84,104,61,77,18
25,320900024,Belgium,Leuven,<U+0411><U+0435><U+043B><U+0433><U+0438><U+044F>,"<U+041B><U+044C><U+043E><U+0432><U+0435><U+043D>	",323,26,94,61,50,27,20,1
26,321000025,Bosnia and Herzegovina,Sarajevo,<U+0411><U+043E><U+0441><U+043D><U+0430> <U+0438> <U+0425><U+0435><U+0440><U+0446><U+0435><U+0433><U+043E><U+0432><U+0438><U+043D><U+0430>,,48,4,7,15,9,6,0,1
27,321100026,Brazil,Brasilia,<U+0411><U+0440><U+0430><U+0437><U+0438><U+043B><U+0438><U+044F>,<U+0411><U+0440><U+0430><U+0437><U+0438><U+043B><U+0438>,12,0,0,3,4,1,0,0
28,321100027,Brazil,Sao Paolo,<U+0411><U+0440><U+0430><U+0437><U+0438><U+043B><U+0438><U+044F>,<U+0421><U+0430><U+043E> <U+041F><U+0430><U+0443>,37,1,12,5,12,3,1,0
29,321200059,UK,Aberdeen,<U+0412><U+0435><U+043B><U+0438><U+043A><U+043E><U+0431><U+0440><U+0438><U+0442><U+0430><U+043D><U+0438><U+044F>,<U+0410>,221,21,49,59,20,26,8,1
30,321200062,UK,Arma,<U+0412><U+0435><U+043B><U+0438><U+043A><U+043E><U+0431><U+0440><U+0438><U+0442><U+0430><U+043D><U+0438><U+044F>,<U+0410>,206,33,10,34,34,32,36,0
31,321200047,UK,Birmingham,<U+0412><U+0435><U+043B><U+0438><U+043A><U+043E><U+0431><U+0440><U+0438><U+0442><U+0430><U+043D><U+0438><U+044F>,<U+0411>,456,32,58,95,72,90,54,1
32,321200311,UK,Bishop's Stortford,<U+0412><U+0435><U+043B><U+0438><U+043A><U+043E><U+0431><U+0440><U+0438><U+0442><U+0430><U+043D><U+0438><U+044F>,<U+0411>,151,16,16,23,24,22,34,2
33,321200312,UK,Bournemouth,<U+0412><U+0435><U+043B><U+0438><U+043A><U+043E><U+0431><U+0440><U+0438><U+0442><U+0430><U+043D><U+0438><U+044F>,<U+0411>,216,40,27,44,24,28,19,1
34,321200052,UK,Brighton,<U+0412><U+0435><U+043B><U+0438><U+043A><U+043E><U+0431><U+0440><U+0438><U+0442><U+0430><U+043D><U+0438><U+044F>,<U+0411>,259,27,43,34,45,47,36,1
35,321200048,UK,Bristol,<U+0412><U+0435><U+043B><U+0438><U+043A><U+043E><U+0431><U+0440><U+0438><U+0442><U+0430><U+043D><U+0438><U+044F>,<U+0411>,403,55,79,89,59,43,43,0
36,321200058,UK,Glasgow,<U+0412><U+0435><U+043B><U+0438><U+043A><U+043E><U+0431><U+0440><U+0438><U+0442><U+0430><U+043D><U+0438><U+044F>,<U+0413>,441,52,140,84,38,26,36,1
37,321200041,UK,Gloucester,<U+0412><U+0435><U+043B><U+0438><U+043A><U+043E><U+0431><U+0440><U+0438><U+0442><U+0430><U+043D><U+0438><U+044F>,<U+0413>,343,35,38,79,52,48,55,5
38,321200060,UK,Dundee,<U+0412><U+0435><U+043B><U+0438><U+043A><U+043E><U+0431><U+0440><U+0438><U+0442><U+0430><U+043D><U+0438><U+044F>,<U+0414>,176,15,29,60,17,25,12,2
39,321200057,UK,Edinbourough,<U+0412><U+0435><U+043B><U+0438><U+043A><U+043E><U+0431><U+0440><U+0438><U+0442><U+0430><U+043D><U+0438><U+044F>,<U+0415>,305,27,103,51,32,26,25,2
40,321200055,UK,Exeter,<U+0412><U+0435><U+043B><U+0438><U+043A><U+043E><U+0431><U+0440><U+0438><U+0442><U+0430><U+043D><U+0438><U+044F>,<U+0415>,187,20,45,23,20,37,12,1
41,321200039,UK,Immingham,<U+0412><U+0435><U+043B><U+0438><U+043A><U+043E><U+0431><U+0440><U+0438><U+0442><U+0430><U+043D><U+0438><U+044F>,<U+0418>,130,16,4,19,23,32,17,1
42,321200036,UK,Ealing Broadway,<U+0412><U+0435><U+043B><U+0438><U+043A><U+043E><U+0431><U+0440><U+0438><U+0442><U+0430><U+043D><U+0438><U+044F>,<U+0419>,553,57,82,137,78,94,41,5
43,321200061,UK,Cardiff,<U+0412><U+0435><U+043B><U+0438><U+043A><U+043E><U+0431><U+0440><U+0438><U+0442><U+0430><U+043D><U+0438><U+044F>,<U+041A>,198,21,48,40,19,28,21,0
44,321200050,UK,Cambridge,<U+0412><U+0435><U+043B><U+0438><U+043A><U+043E><U+0431><U+0440><U+0438><U+0442><U+0430><U+043D><U+0438><U+044F>,<U+041A>,336,30,89,70,55,32,21,1
45,321200035,UK,Coventry,<U+0412><U+0435><U+043B><U+0438><U+043A><U+043E><U+0431><U+0440><U+0438><U+0442><U+0430><U+043D><U+0438><U+044F>,<U+041A>,408,51,79,84,45,53,52,1
46,321200313,UK,Colchester,<U+0412><U+0435><U+043B><U+0438><U+043A><U+043E><U+0431><U+0440><U+0438><U+0442><U+0430><U+043D><U+0438><U+044F>,<U+041A>,199,15,34,40,32,29,28,0
47,321200056,UK,Leeds,<U+0412><U+0435><U+043B><U+0438><U+043A><U+043E><U+0431><U+0440><U+0438><U+0442><U+0430><U+043D><U+0438><U+044F>,<U+041B>,282,28,47,65,38,48,28,0
48,321200028,UK,London,<U+0412><U+0435><U+043B><U+0438><U+043A><U+043E><U+0431><U+0440><U+0438><U+0442><U+0430><U+043D><U+0438><U+044F>,<U+041B>,480,38,145,87,82,51,22,8
49,321200029,UK,London,<U+0412><U+0435><U+043B><U+0438><U+043A><U+043E><U+0431><U+0440><U+0438><U+0442><U+0430><U+043D><U+0438><U+044F>,<U+041B>,724,40,243,143,104,74,38,6
50,321200030,UK,London,<U+0412><U+0435><U+043B><U+0438><U+043A><U+043E><U+0431><U+0440><U+0438><U+0442><U+0430><U+043D><U+0438><U+044F>,<U+041B>,557,37,110,144,70,108,68,3
51,321200031,UK,London,<U+0412><U+0435><U+043B><U+0438><U+043A><U+043E><U+0431><U+0440><U+0438><U+0442><U+0430><U+043D><U+0438><U+044F>,<U+041B>,899,80,82,193,211,167,91,6
52,321200032,UK,London,<U+0412><U+0435><U+043B><U+0438><U+043A><U+043E><U+0431><U+0440><U+0438><U+0442><U+0430><U+043D><U+0438><U+044F>,<U+041B>,937,96,59,225,156,181,121,4
53,321200033,UK,London,<U+0412><U+0435><U+043B><U+0438><U+043A><U+043E><U+0431><U+0440><U+0438><U+0442><U+0430><U+043D><U+0438><U+044F>,<U+041B>,793,73,95,200,137,118,86,9
54,321200034,UK,London,<U+0412><U+0435><U+043B><U+0438><U+043A><U+043E><U+0431><U+0440><U+0438><U+0442><U+0430><U+043D><U+0438><U+044F>,<U+041B>,589,77,55,144,98,87,60,1
55,321200038,UK,London,<U+0412><U+0435><U+043B><U+0438><U+043A><U+043E><U+0431><U+0440><U+0438><U+0442><U+0430><U+043D><U+0438><U+044F>,<U+041B>,461,56,51,98,84,62,49,6
56,321200309,UK,London,<U+0412><U+0435><U+043B><U+0438><U+043A><U+043E><U+0431><U+0440><U+0438><U+0442><U+0430><U+043D><U+0438><U+044F>,<U+041B>,385,21,124,82,57,37,17,2
57,321200310,UK,London,<U+0412><U+0435><U+043B><U+0438><U+043A><U+043E><U+0431><U+0440><U+0438><U+0442><U+0430><U+043D><U+0438><U+044F>,<U+041B>,484,30,157,94,84,45,18,3
58,321200317,UK,London,<U+0412><U+0435><U+043B><U+0438><U+043A><U+043E><U+0431><U+0440><U+0438><U+0442><U+0430><U+043D><U+0438><U+044F>,<U+041B>,455,44,47,111,81,67,56,3
59,321200318,UK,London,<U+0412><U+0435><U+043B><U+0438><U+043A><U+043E><U+0431><U+0440><U+0438><U+0442><U+0430><U+043D><U+0438><U+044F>,<U+041B>,378,48,34,87,65,61,44,2
60,321200319,UK,London,<U+0412><U+0435><U+043B><U+0438><U+043A><U+043E><U+0431><U+0440><U+0438><U+0442><U+0430><U+043D><U+0438><U+044F>,<U+041B>,403,34,41,96,60,75,54,0
61,321200320,UK,London,<U+0412><U+0435><U+043B><U+0438><U+043A><U+043E><U+0431><U+0440><U+0438><U+0442><U+0430><U+043D><U+0438><U+044F>,<U+041B>,537,50,37,155,87,94,58,7
62,321200046,UK,Manchester,<U+0412><U+0435><U+043B><U+0438><U+043A><U+043E><U+0431><U+0440><U+0438><U+0442><U+0430><U+043D><U+0438><U+044F>,<U+041C>,430,48,100,100,55,58,53,4
63,321200325,UK,Maidstone,<U+0412><U+0435><U+043B><U+0438><U+043A><U+043E><U+0431><U+0440><U+0438><U+0442><U+0430><U+043D><U+0438><U+044F>,<U+041C>,239,22,15,78,43,35,26,1
64,321200045,UK,Norich,<U+0412><U+0435><U+043B><U+0438><U+043A><U+043E><U+0431><U+0440><U+0438><U+0442><U+0430><U+043D><U+0438><U+044F>,<U+041D>,283,27,18,66,45,40,64,0
65,321200053,UK,Nottingham,<U+0412><U+0435><U+043B><U+0438><U+043A><U+043E><U+0431><U+0440><U+0438><U+0442><U+0430><U+043D><U+0438><U+044F>,<U+041D>,264,18,68,48,35,26,25,0
66,321200054,UK,Newcastle upon Tyne,<U+0412><U+0435><U+043B><U+0438><U+043A><U+043E><U+0431><U+0440><U+0438><U+0442><U+0430><U+043D><U+0438><U+044F>,<U+041D>,190,22,34,39,37,32,13,1
67,321200049,UK,Oxford,<U+0412><U+0435><U+043B><U+0438><U+043A><U+043E><U+0431><U+0440><U+0438><U+0442><U+0430><U+043D><U+0438><U+044F>,<U+041E>,295,36,82,55,39,31,15,1
68,321200321,UK,Peterborough,<U+0412><U+0435><U+043B><U+0438><U+043A><U+043E><U+0431><U+0440><U+0438><U+0442><U+0430><U+043D><U+0438><U+044F>,<U+041F>,205,32,17,38,38,26,38,1
69,321200322,UK,Portsmouth,<U+0412><U+0435><U+043B><U+0438><U+043A><U+043E><U+0431><U+0440><U+0438><U+0442><U+0430><U+043D><U+0438><U+044F>,<U+041F>,298,30,44,74,42,36,33,2
70,321200323,UK,Redding,<U+0412><U+0435><U+043B><U+0438><U+043A><U+043E><U+0431><U+0440><U+0438><U+0442><U+0430><U+043D><U+0438><U+044F>,<U+0420>,342,44,65,85,47,26,30,0
71,321200051,UK,Southampton,<U+0412><U+0435><U+043B><U+0438><U+043A><U+043E><U+0431><U+0440><U+0438><U+0442><U+0430><U+043D><U+0438><U+044F>,<U+0421>,346,41,52,65,56,61,37,1
72,321200326,UK,Stafford,<U+0412><U+0435><U+043B><U+0438><U+043A><U+043E><U+0431><U+0440><U+0438><U+0442><U+0430><U+043D><U+0438><U+044F>,<U+0421>,134,7,10,33,19,25,21,2
73,321200043,UK,Surbiton,<U+0412><U+0435><U+043B><U+0438><U+043A><U+043E><U+0431><U+0440><U+0438><U+0442><U+0430><U+043D><U+0438><U+044F>,<U+0421>,400,41,40,102,86,43,49,1
74,321200044,UK,Tunbridge Wells,<U+0412><U+0435><U+043B><U+0438><U+043A><U+043E><U+0431><U+0440><U+0438><U+0442><U+0430><U+043D><U+0438><U+044F>,<U+0422>,217,37,16,47,26,26,39,2
75,321200037,UK,Wood Green,<U+0412><U+0435><U+043B><U+0438><U+043A><U+043E><U+0431><U+0440><U+0438><U+0442><U+0430><U+043D><U+0438><U+044F>,<U+0423>,490,49,51,141,90,79,42,4
76,321200314,UK,Fleetwood,<U+0412><U+0435><U+043B><U+0438><U+043A><U+043E><U+0431><U+0440><U+0438><U+0442><U+0430><U+043D><U+0438><U+044F>,<U+0424>,171,19,12,49,27,28,18,1
77,321200315,UK,Hemel Hempstead,<U+0412><U+0435><U+043B><U+0438><U+043A><U+043E><U+0431><U+0440><U+0438><U+0442><U+0430><U+043D><U+0438><U+044F>,<U+0425>,343,43,44,75,55,53,34,4
78,321200316,UK,Hull,<U+0412><U+0435><U+043B><U+0438><U+043A><U+043E><U+0431><U+0440><U+0438><U+0442><U+0430><U+043D><U+0438><U+044F>,<U+0425>,125,13,5,29,16,23,24,5
79,321200042,UK,Chatham,<U+0412><U+0435><U+043B><U+0438><U+043A><U+043E><U+0431><U+0440><U+0438><U+0442><U+0430><U+043D><U+0438><U+044F>,<U+0427>,377,49,30,97,67,59,31,7
80,321200040,UK,Chester,<U+0412><U+0435><U+043B><U+0438><U+043A><U+043E><U+0431><U+0440><U+0438><U+0442><U+0430><U+043D><U+0438><U+044F>,<U+0427>,324,26,29,80,46,58,39,6
81,321200324,UK,Sheffield,<U+0412><U+0435><U+043B><U+0438><U+043A><U+043E><U+0431><U+0440><U+0438><U+0442><U+0430><U+043D><U+0438><U+044F>,<U+0428>,141,17,29,21,24,14,21,0
82,321300063,Vietnam,Hanoi,<U+0412><U+0438><U+0435><U+0442><U+043D><U+0430><U+043C>,"<U+0425><U+0430><U+043D><U+043E><U+0439>	",14,1,6,1,2,0,1,0
83,321400064,Georgia,Tbilisi,<U+0413><U+0440><U+0443><U+0437><U+0438><U+044F>,"<U+0422><U+0431><U+0438><U+043B><U+0438><U+0441><U+0438>	",38,3,8,11,5,5,3,0
84,321500065,Greece,Athens,<U+0413><U+044A><U+0440><U+0446><U+0438><U+044F>,"<U+0410><U+0442><U+0438><U+043D><U+0430>	",637,37,44,135,180,103,60,4
85,321500067,Greece,Athens,<U+0413><U+044A><U+0440><U+0446><U+0438><U+044F>,"<U+0410><U+0442><U+0438><U+043D><U+0430>	",558,0,36,120,154,114,44,2
86,321500077,Greece,Athens,<U+0413><U+044A><U+0440><U+0446><U+0438><U+044F>,"<U+0410><U+0442><U+0438><U+043D><U+0430>	",815,26,42,246,189,168,82,1
87,321500075,Greece,Gerani,<U+0413><U+044A><U+0440><U+0446><U+0438><U+044F>,"<U+0413><U+0435><U+0440><U+0430><U+043D><U+0438>	",203,25,2,29,91,9,19,4
88,321500070,Greece,Heraklion,<U+0413><U+044A><U+0440><U+0446><U+0438><U+044F>,"<U+0418><U+0440><U+0430><U+043A><U+043B><U+0438><U+043E>	",159,15,12,28,35,18,32,2
89,321500068,Greece,Kalamata,<U+0413><U+044A><U+0440><U+0446><U+0438><U+044F>,"<U+041A><U+0430><U+043B><U+0430><U+043C><U+0430><U+0442><U+0430>	",103,5,1,30,34,5,10,1
90,321500069,Greece,Larissa,<U+0413><U+044A><U+0440><U+0446><U+0438><U+044F>,"<U+041B><U+0430><U+0440><U+0438><U+0441><U+0430>	",73,0,9,23,15,10,13,0
91,321500074,Greece,Patra,<U+0413><U+044A><U+0440><U+0446><U+0438><U+044F>,"<U+041F><U+0430><U+0442><U+0440><U+0430>	",152,6,6,41,33,20,23,1
92,321500071,Greece,Rethymno,<U+0413><U+044A><U+0440><U+0446><U+0438><U+044F>,"<U+0420><U+0435><U+0442><U+0438><U+043C><U+043D><U+043E>	",147,12,3,47,23,32,8,0
93,321500073,Greece,Rodos,<U+0413><U+044A><U+0440><U+0446><U+0438><U+044F>,"<U+0420><U+043E><U+0434><U+043E><U+0441>	",208,11,7,42,69,29,23,1
94,321500066,Greece,Thessaloniki,<U+0413><U+044A><U+0440><U+0446><U+0438><U+044F>,"<U+0421><U+043E><U+043B><U+0443><U+043D>	",444,21,38,74,134,87,25,7
95,321500076,Greece,Tripoli,<U+0413><U+044A><U+0440><U+0446><U+0438><U+044F>,"<U+0422><U+0440><U+0438><U+043F><U+043E><U+043B><U+0438>	",124,4,3,22,34,28,16,5
96,321500072,Greece,Hania,<U+0413><U+044A><U+0440><U+0446><U+0438><U+044F>,"<U+0425><U+0430><U+043D><U+044F>	",234,22,7,98,53,10,22,5
97,321600078,Denmark,Copenhagen,<U+0414><U+0430><U+043D><U+0438><U+044F>,<U+041A><U+043E><U+043F><U+0435><U+043D><U+0445><U+0430><U+0433><U+0435><U+043D>,347,33,59,44,69,53,27,10
98,321600082,Denmark,Norebro,<U+0414><U+0430><U+043D><U+0438><U+044F>,"<U+041D><U+043E><U+0440><U+0435><U+0431><U+0440><U+043E>	",323,24,79,59,47,40,25,5
99,321600083,Denmark,Odense,<U+0414><U+0430><U+043D><U+0438><U+044F>,"<U+041E><U+0434><U+0435><U+043D><U+0441>e	",122,13,24,18,17,10,19,1
100,321600079,Denmark,Aalborg,<U+0414><U+0430><U+043D><U+0438><U+044F>,"<U+041E><U+043B><U+0431><U+043E><U+0440><U+0433>	",199,21,44,42,18,22,26,1
101,321600080,Denmark,Aarhus,<U+0414><U+0430><U+043D><U+0438><U+044F>,"<U+041E><U+0440><U+0445><U+0443><U+0441>	",220,28,45,42,25,28,22,1
102,321600081,Denmark,Horsens,<U+0414><U+0430><U+043D><U+0438><U+044F>,"<U+0425><U+043E><U+0440><U+0441><U+0435><U+043D><U+0441>	",211,35,29,38,18,40,25,6
103,321700084,Egypt,Cairo,<U+0415><U+0433><U+0438><U+043F><U+0435><U+0442>,"<U+041A><U+0430><U+0439><U+0440><U+043E>	",29,0,4,9,4,6,1,0
104,321800085,Israel,Tel Aviv,<U+0418><U+0437><U+0440><U+0430><U+0435><U+043B>,"<U+0422><U+0435><U+043B> <U+0410><U+0432><U+0438><U+0432>	",215,9,36,42,81,27,4,1
105,321900086,India,Delhi,<U+0418><U+043D><U+0434><U+0438><U+044F>,"<U+0414><U+0435><U+043B><U+0445><U+0438>	",19,2,4,2,4,1,0,0
106,322100088,Iran,Teheran,<U+0418><U+0440><U+0430><U+043D>,"<U+0422><U+0435><U+0445><U+0435><U+0440><U+0430><U+043D>	",22,3,2,2,4,5,0,0
107,322200089,Ireland,Dublin,<U+0418><U+0440><U+043B><U+0430><U+043D><U+0434><U+0438><U+044F>,"<U+0414><U+044A><U+0431><U+043B><U+0438><U+043D>	",439,30,86,102,70,79,35,2
108,322200090,Ireland,Shannon,<U+0418><U+0440><U+043B><U+0430><U+043D><U+0434><U+0438><U+044F>,"<U+0428><U+0430><U+043D><U+044A><U+043D>	",106,13,15,13,17,21,4,1
109,322300091,Spain,Alicante,<U+0418><U+0441><U+043F><U+0430><U+043D><U+0438><U+044F>,<U+0410><U+043B><U+0438><U+043A><U+0430><U+043D><U+0442><U+0435>,258,25,29,44,65,46,22,0
110,322300105,Spain,Aranda de Duaro,<U+0418><U+0441><U+043F><U+0430><U+043D><U+0438><U+044F>,<U+0410><U+0440><U+0430><U+043D><U+0434><U+0430> <U+0434>,0,0,5,65,40,43,16,8
111,322300092,Spain,Arecife,<U+0418><U+0441><U+043F><U+0430><U+043D><U+0438><U+044F>,<U+0410><U+0440><U+0440><U+0435><U+0441><U+0438><U+0444><U+0435>,70,7,5,10,8,14,9,0
112,322300106,Spain,Barcelona,<U+0418><U+0441><U+043F><U+0430><U+043D><U+0438><U+044F>,<U+0411><U+0430><U+0440><U+0441><U+0435><U+043B><U+043E><U+043D>,684,30,101,135,128,178,57,2
113,322300117,Spain,Benidorm,<U+0418><U+0441><U+043F><U+0430><U+043D><U+0438><U+044F>,<U+0411><U+0435><U+043D><U+0438><U+0434><U+043E><U+0440><U+043C>,285,28,14,55,73,71,19,1
114,322300107,Spain,Burgos,<U+0418><U+0441><U+043F><U+0430><U+043D><U+0438><U+044F>,"<U+0411><U+0443><U+0440><U+0433><U+043E><U+0441>	",263,18,11,66,59,66,15,1
115,322300108,Spain,Valencia,<U+0418><U+0441><U+043F><U+0430><U+043D><U+0438><U+044F>,<U+0412><U+0430><U+043B><U+0435><U+043D><U+0441><U+0438><U+044F>,824,70,56,157,200,187,60,5
116,322300102,Spain,Valladolid,<U+0418><U+0441><U+043F><U+0430><U+043D><U+0438><U+044F>,<U+0412><U+0430><U+043B><U+044F><U+0434><U+043E><U+043B><U+0438>,379,20,17,93,95,91,26,1
117,322300093,Spain,Gandia,<U+0418><U+0441><U+043F><U+0430><U+043D><U+0438><U+044F>,"<U+0413><U+0430><U+043D><U+0434><U+0438><U+044F>	",655,73,20,154,179,128,37,2
118,322300109,Spain,Castellon,<U+0418><U+0441><U+043F><U+0430><U+043D><U+0438><U+044F>,<U+041A><U+0430><U+0441><U+0442><U+0435><U+0439><U+043E><U+043D>,143,20,7,20,38,26,11,3
119,322300115,Spain,Las Palmas de Gran Canaria,<U+0418><U+0441><U+043F><U+0430><U+043D><U+0438><U+044F>,<U+041B><U+0430><U+0441> <U+043F><U+0430><U+043B><U+043C>,100,6,23,15,18,11,8,2
120,322300095,Spain,Lerida,<U+0418><U+0441><U+043F><U+0430><U+043D><U+0438><U+044F>,"<U+041B><U+0435><U+0440><U+0438><U+0434><U+0430>	",283,28,11,69,49,80,17,1
121,322300096,Spain,Logrono,<U+0418><U+0441><U+043F><U+0430><U+043D><U+0438><U+044F>,<U+041B><U+043E><U+0433><U+0440><U+043E><U+043D><U+044C><U+043E>,102,11,3,22,24,13,15,1
122,322300110,Spain,Madrid,<U+0418><U+0441><U+043F><U+0430><U+043D><U+0438><U+044F>,"<U+041C><U+0430><U+0434><U+0440><U+0438><U+0434>	",603,39,62,132,124,140,34,5
123,322300111,Spain,Madrid,<U+0418><U+0441><U+043F><U+0430><U+043D><U+0438><U+044F>,"<U+041C><U+0430><U+0434><U+0440><U+0438><U+0434>	",426,35,18,97,130,79,31,1
124,322300303,Spain,Madrid,<U+0418><U+0441><U+043F><U+0430><U+043D><U+0438><U+044F>,"<U+041C><U+0430><U+0434><U+0440><U+0438><U+0434>	",528,44,42,117,130,98,40,7
125,322300304,Spain,Madrid,<U+0418><U+0441><U+043F><U+0430><U+043D><U+0438><U+044F>,"<U+041C><U+0430><U+0434><U+0440><U+0438><U+0434>	",530,44,48,101,135,106,44,3
126,322300097,Spain,Malaga,<U+0418><U+0441><U+043F><U+0430><U+043D><U+0438><U+044F>,"<U+041C><U+0430><U+043B><U+0430><U+0433><U+0430>	",410,36,32,94,106,79,20,2
127,322300112,Spain,Murcia,<U+0418><U+0441><U+043F><U+0430><U+043D><U+0438><U+044F>,"<U+041C><U+0443><U+0440><U+0441><U+0438><U+044F>	",325,36,8,56,80,57,50,2
128,322300098,Spain,Palencia,<U+0418><U+0441><U+043F><U+0430><U+043D><U+0438><U+044F>,<U+041F><U+0430><U+043B><U+0435><U+043D><U+0441><U+0438><U+044F>,112,4,7,23,30,26,6,3
129,322300099,Spain,Palma de Majorca Beleares,<U+0418><U+0441><U+043F><U+0430><U+043D><U+0438><U+044F>,<U+041F><U+0430><U+043B><U+043C><U+0430> <U+0434><U+0430>,810,56,46,152,225,189,52,2
130,322300100,Spain,Pamplona,<U+0418><U+0441><U+043F><U+0430><U+043D><U+0438><U+044F>,<U+041F><U+0430><U+043C><U+043F><U+043B><U+043E><U+043D><U+0430>,475,47,25,122,127,64,62,15
131,322300113,Spain,Reus,<U+0418><U+0441><U+043F><U+0430><U+043D><U+0438><U+044F>,"<U+0420><U+0435><U+0443><U+0441>	",229,28,6,27,71,51,25,0
132,322300101,Spain,Santa Cruz de Tenerife,<U+0418><U+0441><U+043F><U+0430><U+043D><U+0438><U+044F>,<U+0421><U+0430><U+043D><U+0442><U+0430> <U+041A><U+0440>,102,9,16,19,19,10,17,0
133,322300104,Spain,Zaragoza,<U+0418><U+0441><U+043F><U+0430><U+043D><U+0438><U+044F>,<U+0421><U+0430><U+0440><U+0430><U+0433><U+043E><U+0441><U+0430>,223,16,12,46,49,55,23,2
134,322300116,Spain,Segovia,<U+0418><U+0441><U+043F><U+0430><U+043D><U+0438><U+044F>,"<U+0421><U+0435><U+0433><U+043E><U+0432><U+0438><U+044F>	",288,21,9,77,69,68,24,2
135,322300114,Spain,Torrevieja,<U+0418><U+0441><U+043F><U+0430><U+043D><U+0438><U+044F>,<U+0422><U+043E><U+0440><U+0435><U+0432><U+0438><U+0435><U+0445>,384,42,17,66,88,89,32,2
136,322300103,Spain,Xativa,<U+0418><U+0441><U+043F><U+0430><U+043D><U+0438><U+044F>,"<U+0425><U+0430><U+0442><U+0438><U+0432><U+0430>	",532,52,16,115,139,107,45,2
137,322300094,Spain,Xetafe,<U+0418><U+0441><U+043F><U+0430><U+043D><U+0438><U+044F>,"<U+0425><U+0435><U+0442><U+0430><U+0444><U+0435>	",740,53,36,192,167,167,51,2
138,322400120,Italy,Castelmare di Stabia,<U+0418><U+0442><U+0430><U+043B><U+0438><U+044F>,<U+041A><U+0430><U+0441><U+0442><U+0435><U+043B><U+0430><U+043C><U+0430>,112,9,4,37,18,11,13,2
139,322400121,Italy,Milano,<U+0418><U+0442><U+0430><U+043B><U+0438><U+044F>,<U+041C><U+0438><U+043B><U+0430><U+043D><U+043E>-<U+0433><U+0435>,743,25,113,175,139,158,59,2
140,322400122,Italy,Napoli,<U+0418><U+0442><U+0430><U+043B><U+0438><U+044F>,"<U+041D><U+0435><U+0430><U+043F><U+043E><U+043B>	",234,21,19,60,40,51,26,2
141,322400123,Italy,Pisa,<U+0418><U+0442><U+0430><U+043B><U+0438><U+044F>,"<U+041F><U+0438><U+0437><U+0430>	",192,5,7,74,41,25,18,0
142,322400124,Italy,Rome,<U+0418><U+0442><U+0430><U+043B><U+0438><U+044F>,"<U+0420><U+0438><U+043C>	",442,19,57,114,93,74,32,2
143,322400125,Italy,Rimini,<U+0418><U+0442><U+0430><U+043B><U+0438><U+044F>,"<U+0420><U+0438><U+043C><U+0438><U+043D><U+0438>	",224,30,9,56,63,27,15,0
144,322400119,Italy,Sant'Eufemia d'Aspromonte,<U+0418><U+0442><U+0430><U+043B><U+0438><U+044F>,<U+0421><U+0430><U+043D><U+0442>`<U+0415><U+0443><U+0444><U+0435>,73,0,4,19,15,3,8,0
145,322400126,Italy,Sienna,<U+0418><U+0442><U+0430><U+043B><U+0438><U+044F>,"<U+0421><U+0438><U+0435><U+043D><U+0430>	",132,7,14,40,17,19,16,2
146,322400118,Italy,Foggia,<U+0418><U+0442><U+0430><U+043B><U+0438><U+044F>,"<U+0424><U+043E><U+0434><U+0436><U+0430>	",98,6,10,27,15,0,12,1
147,322500127,Jordan,Aman,<U+0419><U+043E><U+0440><U+0434><U+0430><U+043D><U+0438><U+044F>,"<U+0410><U+043C><U+0430><U+043D>	",76,1,9,24,9,16,1,0
148,322600128,Kazakhstan,Astana,<U+041A><U+0430><U+0437><U+0430><U+0445><U+0441><U+0442><U+0430><U+043D>,<U+0410><U+0441><U+0442><U+0430><U+043D><U+0430>,26,1,1,9,11,1,0,0
149,322700135,Canada,Brampton,<U+041A><U+0430><U+043D><U+0430><U+0434><U+0430>,"<U+0411><U+0440><U+0430><U+043C><U+043F><U+0442><U+044A><U+043D>	",311,25,48,110,52,43,15,0
150,322700133,Canada,Vancouver,<U+041A><U+0430><U+043D><U+0430><U+0434><U+0430>,"<U+0412><U+0430><U+043D><U+043A><U+0443><U+0432><U+044A><U+0440>	",229,12,59,64,47,11,1,1
151,322700134,Canada,Calgary,<U+041A><U+0430><U+043D><U+0430><U+0434><U+0430>,"<U+041A><U+0430><U+043B><U+0433><U+0430><U+0440><U+0438>	",193,5,56,56,27,21,7,1
152,322700131,Canada,Cote de Nege,<U+041A><U+0430><U+043D><U+0430><U+0434><U+0430>,<U+041A><U+043E><U+0442> <U+0434><U+0435> <U+041D><U+0435>,306,22,67,96,44,37,12,2
153,322700132,Canada,Montreal,<U+041A><U+0430><U+043D><U+0430><U+0434><U+0430>,"<U+041C><U+043E><U+043D><U+0440><U+0435><U+0430><U+043B>	",393,28,78,118,56,55,18,2
154,322700129,Canada,Otawa,<U+041A><U+0430><U+043D><U+0430><U+0434><U+0430>,"<U+041E><U+0442><U+0430><U+0432><U+0430>	",190,5,52,55,31,17,2,0
155,322700130,Canada,Toronto,<U+041A><U+0430><U+043D><U+0430><U+0434><U+0430>,"<U+0422><U+043E><U+0440><U+043E><U+043D><U+0442><U+043E>	",404,14,84,120,78,55,15,1
156,322800136,Qatar,Doha,<U+041A><U+0430><U+0442><U+0430><U+0440>,"<U+0414><U+043E><U+0445><U+0430>	",105,6,21,28,22,8,5,1
157,322900138,Cyprus,Larnaka,<U+041A><U+0438><U+043F><U+044A><U+0440>,"<U+041B><U+0430><U+0440><U+043D><U+0430><U+043A><U+0430>	",490,34,19,67,153,92,61,5
158,322900139,Cyprus,Limsasol,<U+041A><U+0438><U+043F><U+044A><U+0440>,"<U+041B><U+0438><U+043C><U+0430><U+0441><U+043E><U+043B>	",495,33,31,74,130,121,48,3
159,322900137,Cyprus,Nicosia,<U+041A><U+0438><U+043F><U+044A><U+0440>,"<U+041D><U+0438><U+043A><U+043E><U+0437><U+0438><U+044F>	",496,37,22,84,185,95,31,2
160,322900142,Cyprus,Paralimini,<U+041A><U+0438><U+043F><U+044A><U+0440>,<U+041F><U+0430><U+0440><U+0430><U+043B><U+0438><U+043C><U+0438><U+043D><U+0438>,362,35,13,52,112,78,42,1
161,322900140,Cyprus,Paphos,<U+041A><U+0438><U+043F><U+044A><U+0440>,"<U+041F><U+0430><U+0444><U+043E><U+0441>	",398,36,20,53,139,80,53,1
162,322900141,Cyprus,Polis Hrisous,<U+041A><U+0438><U+043F><U+044A><U+0440>,<U+041F><U+043E><U+043B><U+0438><U+0441> <U+0425><U+0440><U+0438><U+0441>,166,20,6,15,43,41,20,1
163,323000143,China,Beijing,<U+041A><U+0438><U+0442><U+0430><U+0439>,"<U+041F><U+0435><U+043A><U+0438><U+043D>	",67,1,9,19,19,9,2,1
164,323000144,China,Shanghai,<U+041A><U+0438><U+0442><U+0430><U+0439>,"<U+0428><U+0430><U+043D><U+0445><U+0430><U+0439>	",55,4,14,19,5,0,6,0
165,323100145,Kosovo,Pristina,<U+041A><U+043E><U+0441><U+043E><U+0432><U+043E>,"<U+041F><U+0440><U+0438><U+0449><U+0438><U+043D><U+0430>	",57,2,5,26,4,10,2,0
166,323300147,Cuba,Havanna,<U+041A><U+0443><U+0431><U+0430>,"<U+0425><U+0430><U+0432><U+0430><U+043D><U+0430>	",36,2,7,18,1,1,0,2
167,323400148,Kuwait,Kuwait,<U+041A><U+0443><U+0432><U+0435><U+0439><U+0442>,"<U+041A><U+0443><U+0432><U+0435><U+0439><U+0442>	",170,13,51,35,22,23,9,2
168,323500149,Lebanon,Beirut,<U+041B><U+0438><U+0432><U+0430><U+043D>,"<U+0411><U+0435><U+0439><U+0440><U+0443><U+0442>	",89,4,8,30,16,15,7,1
169,323700152,Lithuania,Klaipeda,<U+041B><U+0438><U+0442><U+0432><U+0430>,"<U+041A><U+043B><U+0430><U+0439><U+043F><U+0435><U+0434><U+0430>	",71,11,4,22,12,7,7,0
170,323800153,Luxemburg,Luxemburg,<U+041B><U+044E><U+043A><U+0441><U+0435><U+043C><U+0431><U+0443><U+0440><U+0433>,<U+041B><U+044E><U+043A><U+0441><U+0435>,538,38,194,120,62,41,15,1
171,324100156,Malta,St Julian,<U+041C><U+0430><U+043B><U+0442><U+0430>,<U+0421><U+0435><U+0439><U+043D><U+0442> <U+0414><U+0436><U+0443><U+043B>,572,52,61,100,114,98,80,3
172,323900154,Morocco,Rabat,<U+041C><U+0430><U+0440><U+043E><U+043A><U+043E>,"<U+0420><U+0430><U+0431><U+0430><U+0442>	",66,1,15,14,13,15,3,0
173,324000155,Mexico,Mexico City,<U+041C><U+0435><U+043A><U+0441><U+0438><U+043A><U+043E>,"<U+041C><U+0435><U+043A><U+0441><U+0438><U+043A><U+043E>	",68,6,12,9,22,8,5,0
174,324200157,Moldova,Kishinew,<U+041C><U+043E><U+043B><U+0434><U+043E><U+0432><U+0430>,"<U+041A><U+0438><U+0448><U+0438><U+043D><U+0435><U+0432>	",218,8,7,115,27,34,4,1
175,324200158,Moldova,Tarakliya,<U+041C><U+043E><U+043B><U+0434><U+043E><U+0432><U+0430>,<U+0422><U+0430><U+0440><U+0430><U+043A><U+043B><U+0438><U+044F>,438,10,4,208,69,43,23,3
176,324400167,Nigeria,Abuja,<U+041D><U+0438><U+0433><U+0435><U+0440><U+0438><U+044F>,"<U+0410><U+0431><U+0443><U+0434><U+0436><U+0430>	",37,2,8,14,4,4,3,0
177,324300162,Netherlands,Eindhoven,<U+041D><U+0438><U+0434><U+0435><U+0440><U+043B><U+0430><U+043D><U+0434><U+0438><U+044F>,<U+0410><U+0439><U+043D><U+0434>,201,21,60,46,22,21,12,2
178,324300160,Netherlands,Amsterdam,<U+041D><U+0438><U+0434><U+0435><U+0440><U+043B><U+0430><U+043D><U+0434><U+0438><U+044F>,<U+0410><U+043C><U+0441><U+0442>,580,37,220,71,89,73,31,3
179,324300163,Netherlands,Gronningen,<U+041D><U+0438><U+0434><U+0435><U+0440><U+043B><U+0430><U+043D><U+0434><U+0438><U+044F>,<U+0413><U+0440><U+044C><U+043E>,178,6,65,32,18,17,16,1
180,324300164,Netherlands,Enschede,<U+041D><U+0438><U+0434><U+0435><U+0440><U+043B><U+0430><U+043D><U+0434><U+0438><U+044F>,<U+0415><U+043D><U+0441><U+0445>,108,10,27,17,21,14,5,1
181,324300165,Netherlands,Maastricht,<U+041D><U+0438><U+0434><U+0435><U+0440><U+043B><U+0430><U+043D><U+0434><U+0438><U+044F>,<U+041C><U+0430><U+0430><U+0441>,339,27,118,68,31,28,30,1
182,324300161,Netherlands,Rotterdam,<U+041D><U+0438><U+0434><U+0435><U+0440><U+043B><U+0430><U+043D><U+0434><U+0438><U+044F>,<U+0420><U+043E><U+0442><U+0435>,253,24,88,53,29,16,15,2
183,324300166,Netherlands,Utrecht,<U+041D><U+0438><U+0434><U+0435><U+0440><U+043B><U+0430><U+043D><U+0434><U+0438><U+044F>,<U+0423><U+0442><U+0440><U+0435>,182,12,57,29,26,22,14,4
184,324300159,Netherlands,Hague,<U+041D><U+0438><U+0434><U+0435><U+0440><U+043B><U+0430><U+043D><U+0434><U+0438><U+044F>,<U+0425><U+0430><U+0433><U+0430>,481,36,103,90,84,55,43,19
185,324600174,New Zealand,Oakland,<U+041D><U+043E><U+0432><U+0430> <U+0417><U+0435><U+043B><U+0430><U+043D><U+0434><U+0438><U+044F>,<U+041E><U+043A>,93,2,27,19,16,7,2,1
186,324500173,Norway,Bergen,<U+041D><U+043E><U+0440><U+0432><U+0435><U+0433><U+0438><U+044F>,"<U+0411><U+0435><U+0440><U+0433><U+0435><U+043D>	",94,5,12,14,18,13,9,0
187,324500170,Norway,Kristiansand,<U+041D><U+043E><U+0440><U+0432><U+0435><U+0433><U+0438><U+044F>,<U+041A><U+0440><U+0438><U+0441><U+0442><U+0438><U+0430>,40,2,6,6,5,7,7,0
188,324500168,Norway,Oslo,<U+041D><U+043E><U+0440><U+0432><U+0435><U+0433><U+0438><U+044F>,"<U+041E><U+0441><U+043B><U+043E>	",305,33,55,58,57,52,16,4
189,324500171,Norway,Stavanger,<U+041D><U+043E><U+0440><U+0432><U+0435><U+0433><U+0438><U+044F>,<U+0421><U+0442><U+0430><U+0432><U+0430><U+043D><U+0433>,154,13,24,36,20,31,17,1
190,324500172,Norway,Tromso,<U+041D><U+043E><U+0440><U+0432><U+0435><U+0433><U+0438><U+044F>,<U+0422><U+0440><U+043E><U+043C><U+0441><U+044C><U+043E>,81,9,14,10,15,11,12,0
191,324500169,Norway,Froja,<U+041D><U+043E><U+0440><U+0432><U+0435><U+0433><U+0438><U+044F>,<U+0424><U+0440><U+043E><U+044F>/<U+0421><U+0438>,76,2,11,14,17,14,7,0
192,324700175,UAE,Dubai,<U+041E><U+0410><U+0415>,"<U+0414><U+0443><U+0431><U+0430><U+0439>	",314,14,89,53,52,55,19,3
193,324800176,Palestine,Ramallah,<U+041F><U+0430><U+043B><U+0435><U+0441><U+0442><U+0438><U+043D><U+0441><U+043A><U+0430> <U+0432><U+043B><U+0430><U+0441><U+0442>,,25,5,1,15,0,0,0,0
194,324900177,Poland,Warsaw,<U+041F><U+043E><U+043B><U+0448><U+0430>,"<U+0412><U+0430><U+0440><U+0448><U+0430><U+0432><U+0430>	",230,10,66,57,33,29,9,2
195,325000178,Portugal,Lisbon,<U+041F><U+043E><U+0440><U+0442><U+0443><U+0433><U+0430><U+043B><U+0438><U+044F>,<U+041B><U+0438><U+0441><U+0430><U+0431>,288,20,47,78,61,57,6,0
196,323200146,Korea,Seul,<U+0420><U+0435><U+043F><U+0443><U+0431><U+043B><U+0438><U+043A><U+0430> <U+041A><U+043E><U+0440><U+0435><U+044F>,,35,1,21,7,4,1,0,0
197,323600151,Macedonia,Bitolia,<U+0420><U+0435><U+043F><U+0443><U+0431><U+043B><U+0438><U+043A><U+0430> <U+041C><U+0430><U+043A><U+0435><U+0434><U+043E><U+043D><U+0438><U+044F>,,109,0,0,5,8,95,0,0
198,323600150,Macedonia,Skopje,<U+0420><U+0435><U+043F><U+0443><U+0431><U+043B><U+0438><U+043A><U+0430> <U+041C><U+0430><U+043A><U+0435><U+0434><U+043E><U+043D><U+0438><U+044F>,,206,8,25,16,36,86,6,1
199,325100181,South Africa,Capetown,<U+0420><U+0435><U+043F><U+0443><U+0431><U+043B><U+0438><U+043A><U+0430> <U+042E><U+0436><U+043D><U+0430> <U+0410><U+0444><U+0440><U+0438><U+043A><U+0430>,,87,5,13,8,17,12,2,0
200,325100180,South Africa,Midrant,<U+0420><U+0435><U+043F><U+0443><U+0431><U+043B><U+0438><U+043A><U+0430> <U+042E><U+0436><U+043D><U+0430> <U+0410><U+0444><U+0440><U+0438><U+043A><U+0430>,,124,7,7,25,25,21,8,2
201,325100179,South Africa,Pretoria,<U+0420><U+0435><U+043F><U+0443><U+0431><U+043B><U+0438><U+043A><U+0430> <U+042E><U+0436><U+043D><U+0430> <U+0410><U+0444><U+0440><U+0438><U+043A><U+0430>,,66,2,6,19,17,8,3,3
202,325200182,Romania,Bucurest,<U+0420><U+0443><U+043C><U+044A><U+043D><U+0438><U+044F>,"<U+0411><U+0443><U+043A><U+0443><U+0440><U+0435><U+0449>	",189,20,42,38,26,22,15,1
203,325300185,Russia,Ekaterinburg,<U+0420><U+0443><U+0441><U+0438><U+044F>,<U+0415><U+043A><U+0430><U+0442><U+0435><U+0440><U+0438><U+043D><U+0431><U+0443>,16,0,3,4,2,2,0,0
204,325300183,Russia,Moscow,<U+0420><U+0443><U+0441><U+0438><U+044F>,"<U+041C><U+043E><U+0441><U+043A><U+0432><U+0430>	",459,14,52,206,30,56,30,6
205,325300184,Russia,St Petersburg,<U+0420><U+0443><U+0441><U+0438><U+044F>,<U+0421><U+0430><U+043D><U+043A><U+0442> <U+041F><U+0435><U+0442><U+0435>,90,7,5,32,12,14,8,0
206,325400191,US,Atlanta,<U+0421><U+0410><U+0429>,"<U+0410><U+0442><U+043B><U+0430><U+043D><U+0442><U+0430>	",337,26,49,127,59,41,11,1
207,325400212,US,Boston,<U+0421><U+0410><U+0429>,"<U+0411><U+043E><U+0441><U+0442><U+044A><U+043D>	",477,21,160,100,88,52,20,0
208,325400186,US,DC,<U+0421><U+0410><U+0429>,"<U+0412><U+0430><U+0448><U+0438><U+043D><U+0433><U+0442><U+043E><U+043D>	",480,16,147,119,100,39,23,5
209,325400213,US,Dallas,<U+0421><U+0410><U+0429>,"<U+0414><U+0430><U+043B><U+0430><U+0441>	",129,10,22,40,26,22,2,0
210,325400194,US,Denver,<U+0421><U+0410><U+0429>,"<U+0414><U+0435><U+043D><U+0432><U+044A><U+0440>	",209,9,55,57,30,33,6,0
211,325400195,US,Des Plaines,<U+0421><U+0410><U+0429>,"<U+0414><U+0435><U+0441> <U+041F><U+043B><U+0435><U+0439><U+043D><U+0441>	",976,46,133,279,229,167,49,1
212,325400196,US,Des Plaines,<U+0421><U+0410><U+0429>,"<U+0414><U+0435><U+0441> <U+041F><U+043B><U+0435><U+0439><U+043D><U+0441>	",500,27,62,180,100,60,27,1
213,325400214,US,Detroit,<U+0421><U+0410><U+0429>,"<U+0414><U+0435><U+0442><U+0440><U+043E><U+0439><U+0442>	",156,8,27,32,39,24,13,0
214,325400199,US,Jacksonville,<U+0421><U+0410><U+0429>,"<U+0414><U+0436><U+0430><U+043A><U+0441><U+044A><U+043D><U+0432><U+0438><U+043B>	",60,1,16,16,14,7,2,0
215,325400193,US,Concord,<U+0421><U+0410><U+0429>,"<U+041A><U+043E><U+043D><U+043A><U+043E><U+0440><U+0434>	",141,10,27,26,40,19,8,0
216,325400200,US,Las Vegas,<U+0421><U+0410><U+0429>,"<U+041B><U+0430><U+0441> <U+0412><U+0435><U+0433><U+0430><U+0441>	",304,22,33,92,64,57,14,0
217,325400201,US,Linden,<U+0421><U+0410><U+0429>,"<U+041B><U+0438><U+043D><U+0434><U+0435><U+043D>	",137,6,33,45,24,10,8,1
218,325400190,US,Los Angeles,<U+0421><U+0410><U+0429>,<U+041B><U+043E><U+0441> <U+0410><U+043D><U+0434><U+0436><U+0435><U+043B><U+0438><U+0441>,209,12,81,38,43,21,4,1
219,325400202,US,Naples,<U+0421><U+0410><U+0429>,"<U+041D><U+0435><U+0439><U+043F><U+044A><U+043B><U+0441>	",110,4,20,23,24,10,15,1
220,325400215,US,Norwolk,<U+0421><U+0410><U+0429>,"<U+041D><U+043E><U+0440><U+0443><U+043E><U+043B><U+043A>	",116,9,27,38,20,7,5,0
221,325400187,US,New York,<U+0421><U+0410><U+0429>,"<U+041D><U+044E> <U+0419><U+043E><U+0440><U+043A>	",159,5,66,35,31,8,5,2
222,325400188,US,New York,<U+0421><U+0410><U+0429>,"<U+041D><U+044E> <U+0419><U+043E><U+0440><U+043A>	",328,10,105,78,56,38,12,2
223,325400203,US,New York,<U+0421><U+0410><U+0429>,"<U+041D><U+044E> <U+0419><U+043E><U+0440><U+043A>	",145,0,41,46,23,16,6,0
224,325400204,US,Orlando,<U+0421><U+0410><U+0429>,"<U+041E><U+0440><U+043B><U+0430><U+043D><U+0434><U+043E>	",98,5,16,36,19,12,5,0
225,325400216,US,Pittsburg,<U+0421><U+0410><U+0429>,"<U+041F><U+0438><U+0442><U+0441><U+0431><U+044A><U+0440><U+0433>	",73,5,23,10,18,7,2,1
226,325400217,US,Richmond,<U+0421><U+0410><U+0429>,"<U+0420><U+0438><U+0447><U+043C><U+044A><U+043D><U+0434>	",96,4,26,26,13,8,7,1
227,325400207,US,Sacramento,<U+0421><U+0410><U+0429>,"<U+0421><U+0430><U+043A><U+0440><U+0430><U+043C><U+0435><U+043D><U+0442><U+043E>	",73,0,17,26,16,4,2,0
228,325400210,US,San Antonio,<U+0421><U+0410><U+0429>,"<U+0421><U+0430><U+043D> <U+0410><U+043D><U+0442><U+043E><U+043D><U+0438><U+043E>	",79,3,26,21,10,8,6,0
229,325400211,US,San Diego,<U+0421><U+0410><U+0429>,"<U+0421><U+0430><U+043D> <U+0414><U+0438><U+0435><U+0433><U+043E>	",146,7,50,41,14,18,5,0
230,325400218,US,San Francisco,<U+0421><U+0410><U+0429>,<U+0421><U+0430><U+043D> <U+0424><U+0440><U+0430><U+043D><U+0446><U+0438><U+0441><U+043A>,143,7,65,19,24,11,5,0
231,325400208,US,St Petersburg,<U+0421><U+0410><U+0429>,<U+0421><U+0435><U+0439><U+043D><U+0442> <U+041F><U+0438><U+0442><U+044A><U+0440><U+0441>,228,18,32,70,48,27,20,1
232,325400219,US,Seattle,<U+0421><U+0410><U+0429>,"<U+0421><U+0438><U+0430><U+0442><U+044A><U+043B>	",288,18,63,77,61,31,12,1
233,325400192,US,Cincinnatti,<U+0421><U+0410><U+0429>,"<U+0421><U+0438><U+043D><U+0441><U+0438><U+043D><U+0430><U+0442><U+0438>	",105,6,19,24,28,10,5,0
234,325400209,US,Sunnyvale,<U+0421><U+0410><U+0429>,"<U+0421><U+044A><U+043D><U+0438><U+0432><U+0435><U+0439><U+043B>	",230,13,81,62,34,21,5,3
235,325400205,US,Philadelphia,<U+0421><U+0410><U+0429>,"<U+0424><U+0438><U+043B><U+0430><U+0434><U+0435><U+043B><U+0444><U+0438><U+044F>	",166,4,49,37,36,25,0,0
236,325400206,US,Phoenix,<U+0421><U+0410><U+0429>,"<U+0424><U+0438><U+043D><U+0438><U+043A><U+0441>	",164,8,29,41,46,19,10,0
237,325400220,US,Ft Lauderdale,<U+0421><U+0410><U+0429>,<U+0424><U+043E><U+0440><U+0434> <U+041B><U+043E><U+0434><U+044A><U+0440><U+0434><U+0435>,174,6,35,42,45,22,5,1
238,325400197,US,Houston,<U+0421><U+0410><U+0429>,"<U+0425><U+044E><U+0441><U+0442><U+044A><U+043D>	",145,1,47,29,25,15,10,2
239,325400189,US,Chicago,<U+0421><U+0410><U+0429>,"<U+0427><U+0438><U+043A><U+0430><U+0433><U+043E>	",143,2,50,25,35,11,8,0
240,325400198,US,Irvine,<U+0421><U+0410><U+0429>,"<U+042A><U+0440><U+0432><U+0430><U+0439><U+043D>	",155,4,50,44,30,13,2,1
241,325500221,Singapore,Sinapore,<U+0421><U+0438><U+043D><U+0433><U+0430><U+043F><U+0443><U+0440>,<U+0421><U+0438><U+043D><U+0433><U+0430><U+043F><U+0443>,79,2,45,13,10,2,0,0
242,325600222,Slovakia,Bratislava,<U+0421><U+043B><U+043E><U+0432><U+0430><U+043A><U+0438><U+044F>,<U+0411><U+0440><U+0430><U+0442><U+0438><U+0441><U+043B>,211,17,56,42,32,27,12,0
243,325700223,Slovenia,Ljubljana,<U+0421><U+043B><U+043E><U+0432><U+0435><U+043D><U+0438><U+044F>,<U+041B><U+044E><U+0431><U+043B><U+044F><U+043D><U+0430>,133,8,18,21,31,22,20,0
244,325800224,Serbia,Beograd,<U+0421><U+044A><U+0440><U+0431><U+0438><U+044F>,"<U+0411><U+0435><U+043B><U+0433><U+0440><U+0430><U+0434>	",121,8,20,27,24,21,3,1
245,325800226,Serbia,Bosilegrad,<U+0421><U+044A><U+0440><U+0431><U+0438><U+044F>,<U+0411><U+043E><U+0441><U+0438><U+043B><U+0435><U+0433><U+0440><U+0430>,212,5,16,8,83,61,9,0
246,325800227,Serbia,Dimtrovgrad,<U+0421><U+044A><U+0440><U+0431><U+0438><U+044F>,<U+0414><U+0438><U+043C><U+0438><U+0442><U+0440><U+043E><U+0432><U+0433>,230,11,20,37,78,56,3,2
247,325800225,Serbia,Nish,<U+0421><U+044A><U+0440><U+0431><U+0438><U+044F>,"<U+041D><U+0438><U+0448>	",53,3,7,8,19,9,2,0
248,325900228,Tunisia,Tunis,<U+0422><U+0443><U+043D><U+0438><U+0441>,"<U+0422><U+0443><U+043D><U+0438><U+0441>	",47,2,7,10,11,7,2,0
249,326000229,Turkey,Ankara,<U+0422><U+0443><U+0440><U+0446><U+0438><U+044F>,"<U+0410><U+043D><U+043A><U+0430><U+0440><U+0430>	",215,7,6,24,110,5,3,38
250,326000233,Turkey,Ankara,<U+0422><U+0443><U+0440><U+0446><U+0438><U+044F>,"<U+0410><U+043D><U+043A><U+0430><U+0440><U+0430>	",558,12,6,12,401,1,7,113
251,326000232,Turkey,Bursa,<U+0422><U+0443><U+0440><U+0446><U+0438><U+044F>,"<U+0411><U+0443><U+0440><U+0441><U+0430>	",818,6,17,14,475,1,7,264
252,326000248,Turkey,Bursa,<U+0422><U+0443><U+0440><U+0446><U+0438><U+044F>,"<U+0411><U+0443><U+0440><U+0441><U+0430>	",1077,7,0,5,442,0,1,597
253,326000249,Turkey,Bursa,<U+0422><U+0443><U+0440><U+0446><U+0438><U+044F>,"<U+0411><U+0443><U+0440><U+0441><U+0430>	",830,3,13,7,265,3,10,506
254,326000250,Turkey,Bursa,<U+0422><U+0443><U+0440><U+0446><U+0438><U+044F>,"<U+0411><U+0443><U+0440><U+0441><U+0430>	",964,4,5,3,750,1,1,175
255,326000251,Turkey,Bursa,<U+0422><U+0443><U+0440><U+0446><U+0438><U+044F>,"<U+0411><U+0443><U+0440><U+0441><U+0430>	",880,5,2,14,335,1,11,486
256,326000252,Turkey,Bursa,<U+0422><U+0443><U+0440><U+0446><U+0438><U+044F>,"<U+0411><U+0443><U+0440><U+0441><U+0430>	",737,1,1,1,408,1,3,296
257,326000253,Turkey,Bursa,<U+0422><U+0443><U+0440><U+0446><U+0438><U+044F>,"<U+0411><U+0443><U+0440><U+0441><U+0430>	",322,1,1,5,154,0,4,143
258,326000254,Turkey,Bursa,<U+0422><U+0443><U+0440><U+0446><U+0438><U+044F>,"<U+0411><U+0443><U+0440><U+0441><U+0430>	",832,3,1,6,427,1,3,355
259,326000256,Turkey,Buyukkaristiran,<U+0422><U+0443><U+0440><U+0446><U+0438><U+044F>,<U+0411><U+0443><U+044E><U+0443><U+043A><U+043A><U+0430><U+0440><U+044A>,475,1,2,0,383,0,1,79
260,326000257,Turkey,Ergene,<U+0422><U+0443><U+0440><U+0446><U+0438><U+044F>,"<U+0415><U+0440><U+0433><U+0435><U+043D><U+0435>	",959,11,3,7,252,1,16,635
261,326000258,Turkey,Izmir,<U+0422><U+0443><U+0440><U+0446><U+0438><U+044F>,"<U+0415><U+0440><U+0433><U+0435><U+043D><U+0435>	",615,5,1,3,119,2,6,458
262,326000234,Turkey,Izmir,<U+0422><U+0443><U+0440><U+0446><U+0438><U+044F>,"<U+0418><U+0437><U+043C><U+0438><U+0440>	",1173,5,11,7,798,4,2,337
263,326000235,Turkey,Izmir,<U+0422><U+0443><U+0440><U+0446><U+0438><U+044F>,"<U+0418><U+0437><U+043C><U+0438><U+0440>	",1150,7,5,8,508,0,0,592
264,326000236,Turkey,Izmir,<U+0422><U+0443><U+0440><U+0446><U+0438><U+044F>,"<U+0418><U+0437><U+043C><U+0438><U+0440>	",848,4,7,3,494,2,4,302
265,326000237,Turkey,Izmir,<U+0422><U+0443><U+0440><U+0446><U+0438><U+044F>,"<U+0418><U+0437><U+043C><U+0438><U+0440>	",881,2,10,3,547,1,7,292
266,326000238,Turkey,Izmir,<U+0422><U+0443><U+0440><U+0446><U+0438><U+044F>,"<U+0418><U+0437><U+043C><U+0438><U+0440>	",891,4,5,5,663,2,1,184
267,326000239,Turkey,Izmir,<U+0422><U+0443><U+0440><U+0446><U+0438><U+044F>,"<U+0418><U+0437><U+043C><U+0438><U+0440>	",919,13,6,15,649,0,4,196
268,326000230,Turkey,Istanbul,<U+0422><U+0443><U+0440><U+0446><U+0438><U+044F>,"<U+0418><U+0441><U+0442><U+0430><U+043D><U+0431><U+0443><U+043B>	",289,14,9,26,109,4,17,94
269,326000240,Turkey,Istanbul,<U+0422><U+0443><U+0440><U+0446><U+0438><U+044F>,"<U+0418><U+0441><U+0442><U+0430><U+043D><U+0431><U+0443><U+043B>	",923,14,8,19,257,1,12,578
270,326000241,Turkey,Istanbul,<U+0422><U+0443><U+0440><U+0446><U+0438><U+044F>,"<U+0418><U+0441><U+0442><U+0430><U+043D><U+0431><U+0443><U+043B>	",1101,21,5,41,212,1,41,737
271,326000242,Turkey,Istanbul,<U+0422><U+0443><U+0440><U+0446><U+0438><U+044F>,"<U+0418><U+0441><U+0442><U+0430><U+043D><U+0431><U+0443><U+043B>	",863,4,0,10,139,1,12,676
272,326000243,Turkey,Istanbul,<U+0422><U+0443><U+0440><U+0446><U+0438><U+044F>,"<U+0418><U+0441><U+0442><U+0430><U+043D><U+0431><U+0443><U+043B>	",640,6,2,15,231,3,21,335
273,326000244,Turkey,Istanbul,<U+0422><U+0443><U+0440><U+0446><U+0438><U+044F>,"<U+0418><U+0441><U+0442><U+0430><U+043D><U+0431><U+0443><U+043B>	",304,3,1,3,100,3,3,174
274,326000245,Turkey,Istanbul,<U+0422><U+0443><U+0440><U+0446><U+0438><U+044F>,"<U+0418><U+0441><U+0442><U+0430><U+043D><U+0431><U+0443><U+043B>	",555,1,12,10,108,5,11,393
275,326000259,Turkey,Capakli,<U+0422><U+0443><U+0440><U+0446><U+0438><U+044F>,"<U+041A><U+0430><U+043F><U+0430><U+043A><U+043B><U+044A>	",1325,7,2,4,113,2,11,1175
276,326000246,Turkey,Kocaeli,<U+0422><U+0443><U+0440><U+0446><U+0438><U+044F>,"<U+041A><U+043E><U+0434><U+0436><U+0430><U+0435><U+043B><U+0438>	",730,3,5,6,435,2,5,261
277,326000247,Turkey,Kocaeli,<U+0422><U+0443><U+0440><U+0446><U+0438><U+044F>,"<U+041A><U+043E><U+0434><U+0436><U+0430><U+0435><U+043B><U+0438>	",1202,10,5,13,847,1,2,293
278,326000260,Turkey,Luleburgas,<U+0422><U+0443><U+0440><U+0446><U+0438><U+044F>,<U+041B><U+044E><U+043B><U+0435><U+0431><U+0443><U+0440><U+0433><U+0430>,692,2,9,3,496,1,9,143
279,326000231,Turkey,Ederne,<U+0422><U+0443><U+0440><U+0446><U+0438><U+044F>,"<U+041E><U+0434><U+0440><U+0438><U+043D>	",593,8,4,15,298,5,19,193
280,326000261,Turkey,Tekirda,<U+0422><U+0443><U+0440><U+0446><U+0438><U+044F>,"<U+0422><U+0435><U+043A><U+0438><U+0440><U+0434><U+0430>	",738,3,16,3,215,1,12,437
281,326000262,Turkey,Corlu,<U+0422><U+0443><U+0440><U+0446><U+0438><U+044F>,"<U+0427><U+043E><U+0440><U+043B><U+0443>	",2024,11,12,8,264,1,25,1644
282,326000263,Turkey,Corlu,<U+0422><U+0443><U+0440><U+0446><U+0438><U+044F>,"<U+0427><U+043E><U+0440><U+043B><U+0443>	",1474,16,9,18,149,6,29,1179
283,326000255,Turkey,Yalova,<U+0422><U+0443><U+0440><U+0446><U+0438><U+044F>,"<U+042F><U+043B><U+043E><U+0432><U+0430>	",1031,6,0,1,372,1,2,633
284,326300267,Uzbekistan,Tashkent,<U+0423><U+0437><U+0431><U+0435><U+043A><U+0438><U+0441><U+0442><U+0430><U+043D>,<U+0422><U+0430><U+0448><U+043A><U+0435>,15,4,1,2,5,1,0,0
285,326200265,Urkaine,Kiev,<U+0423><U+043A><U+0440><U+0430><U+0439><U+043D><U+0430>,"<U+041A><U+0438><U+0435><U+0432>	",86,1,21,27,18,3,5,0
286,326200266,Urkaine,Odessa,<U+0423><U+043A><U+0440><U+0430><U+0439><U+043D><U+0430>,"<U+041E><U+0434><U+0435><U+0441><U+0430>	",56,1,8,17,14,7,6,0
287,326100264,Hungary,Budapest,<U+0423><U+043D><U+0433><U+0430><U+0440><U+0438><U+044F>,<U+0411><U+0443><U+0434><U+0430><U+043F><U+0435><U+0449><U+0430>,187,8,54,33,25,34,7,1
288,326600287,Finland,Tampere,<U+0424><U+0438><U+043D><U+043B><U+0430><U+043D><U+0434><U+0438><U+044F>,<U+0422><U+0430><U+043C><U+043F><U+0435><U+0440>,90,11,23,13,11,16,8,1
289,326600286,Finland,Helsinki,<U+0424><U+0438><U+043D><U+043B><U+0430><U+043D><U+0434><U+0438><U+044F>,<U+0425><U+0435><U+043B><U+0437><U+0438><U+043D>,218,14,32,40,46,51,15,3
290,326400268,Germany,Berlin,<U+0424><U+0420> <U+0413><U+0435><U+0440><U+043C><U+0430><U+043D><U+0438><U+044F>,<U+0411><U+0435><U+0440><U+043B>,763,43,236,160,104,85,45,5
291,326400305,Germany,Berlin,<U+0424><U+0420> <U+0413><U+0435><U+0440><U+043C><U+0430><U+043D><U+0438><U+044F>,<U+0411><U+0435><U+0440><U+043B>,815,61,246,149,112,104,48,10
292,326400272,Germany,Darmstadt,<U+0424><U+0420> <U+0413><U+0435><U+0440><U+043C><U+0430><U+043D><U+0438><U+044F>,<U+0414><U+0430><U+0440><U+043C>,514,35,142,87,59,67,50,7
293,326400273,Germany,Magdeburg,<U+0424><U+0420> <U+0413><U+0435><U+0440><U+043C><U+0430><U+043D><U+0438><U+044F>,<U+041C><U+0430><U+0433><U+0434>,245,15,62,42,41,29,22,1
294,326400275,Germany,Munster,<U+0424><U+0420> <U+0413><U+0435><U+0440><U+043C><U+0430><U+043D><U+0438><U+044F>,<U+041C><U+044E><U+043D><U+0441>,681,43,184,127,89,82,55,8
295,326400269,Germany,Munich,<U+0424><U+0420> <U+0413><U+0435><U+0440><U+043C><U+0430><U+043D><U+0438><U+044F>,<U+041C><U+044E><U+043D><U+0445>,643,29,220,137,95,61,40,1
296,326400306,Germany,Munich,<U+0424><U+0420> <U+0413><U+0435><U+0440><U+043C><U+0430><U+043D><U+0438><U+044F>,<U+041C><U+044E><U+043D><U+0445>,823,44,215,162,128,116,54,4
297,326400307,Germany,Munich,<U+0424><U+0420> <U+0413><U+0435><U+0440><U+043C><U+0430><U+043D><U+0438><U+044F>,<U+041C><U+044E><U+043D><U+0445>,622,44,165,101,97,94,48,5
298,326400270,Germany,Frankfurt am Mein,<U+0424><U+0420> <U+0413><U+0435><U+0440><U+043C><U+0430><U+043D><U+0438><U+044F>,<U+0424><U+0440><U+0430><U+043D>,719,42,200,156,89,86,53,6
299,326400308,Germany,Frankfurt am Mein,<U+0424><U+0420> <U+0413><U+0435><U+0440><U+043C><U+0430><U+043D><U+0438><U+044F>,<U+0424><U+0440><U+0430><U+043D>,643,52,163,140,92,80,48,2
300,326400271,Germany,Hamburg,<U+0424><U+0420> <U+0413><U+0435><U+0440><U+043C><U+0430><U+043D><U+0438><U+044F>,<U+0425><U+0430><U+043C><U+0431>,682,56,130,129,129,81,52,6
301,326400274,Germany,Stuttgart,<U+0424><U+0420> <U+0413><U+0435><U+0440><U+043C><U+0430><U+043D><U+0438><U+044F>,<U+0429><U+0443><U+0442><U+0433>,648,43,173,125,106,88,52,6
302,326500281,France,Bordeaux,<U+0424><U+0440><U+0430><U+043D><U+0446><U+0438><U+044F>,"<U+0411><U+043E><U+0440><U+0434><U+043E>	",149,15,22,29,30,24,9,6
303,326500282,France,Lilles,<U+0424><U+0440><U+0430><U+043D><U+0446><U+0438><U+044F>,"<U+041B><U+0438><U+043B>	",96,7,23,21,14,13,2,2
304,326500285,France,Lyonnes,<U+0424><U+0440><U+0430><U+043D><U+0446><U+0438><U+044F>,"<U+041B><U+0438><U+043E><U+043D>	",323,22,49,77,66,36,23,2
305,326500278,France,Montpelier,<U+0424><U+0440><U+0430><U+043D><U+0446><U+0438><U+044F>,<U+041C><U+043E><U+043D><U+043F><U+0435><U+043B><U+0438><U+0435>,140,9,33,35,22,14,10,2
306,326500279,France,Nantes,<U+0424><U+0440><U+0430><U+043D><U+0446><U+0438><U+044F>,"<U+041D><U+0430><U+043D><U+0442>	",98,9,23,15,12,11,18,2
307,326500283,France,Nice,<U+0424><U+0440><U+0430><U+043D><U+0446><U+0438><U+044F>,"<U+041D><U+0438><U+0446><U+0430>	",314,21,62,68,71,33,28,0
308,326500276,France,Paris,<U+0424><U+0440><U+0430><U+043D><U+0446><U+0438><U+044F>,"<U+041F><U+0430><U+0440><U+0438><U+0436>	",1210,95,326,250,187,135,65,19
309,326500280,France,Saint-Nazaire,<U+0424><U+0440><U+0430><U+043D><U+0446><U+0438><U+044F>,<U+0421><U+0435><U+043D>-<U+041D><U+0430><U+0437><U+0435>,209,17,10,40,33,19,63,7
310,326500277,France,Strasbourg,<U+0424><U+0440><U+0430><U+043D><U+0446><U+0438><U+044F>,<U+0421><U+0442><U+0440><U+0430><U+0441><U+0431><U+0443><U+0440>,392,28,100,83,55,43,20,1
311,326500284,France,Toulouse,<U+0424><U+0440><U+0430><U+043D><U+0446><U+0438><U+044F>,"<U+0422><U+0443><U+043B><U+0443><U+0437><U+0430>	",186,16,38,38,36,20,12,2
312,326700288,Croatia,Zagreb,<U+0425><U+044A><U+0440><U+0432><U+0430><U+0442><U+0438><U+044F>,"<U+0417><U+0430><U+0433><U+0440><U+0435><U+0431>	",39,3,13,10,3,2,0,1
313,326800289,Montenegro,Podgorica,<U+0427><U+0435><U+0440><U+043D><U+0430> <U+0433><U+043E><U+0440><U+0430>,<U+041F><U+043E><U+0434><U+0433><U+043E>,13,1,3,4,4,1,0,0
314,326900291,Czech Republic,Brno,<U+0427><U+0435><U+0448><U+043A><U+0430> <U+0440><U+0435><U+043F><U+0443><U+0431><U+043B><U+0438><U+043A><U+0430>,,175,15,49,25,24,26,8,0
315,326900290,Czech Republic,Prague,<U+0427><U+0435><U+0448><U+043A><U+0430> <U+0440><U+0435><U+043F><U+0443><U+0431><U+043B><U+0438><U+043A><U+0430>,,712,44,124,138,131,134,44,2
316,327000296,Switzerland,Basel,<U+0428><U+0432><U+0435><U+0439><U+0446><U+0430><U+0440><U+0438><U+044F>,"<U+0411><U+0430><U+0437><U+0435><U+043B>	",206,15,72,34,40,16,7,1
317,327000292,Switzerland,Bern,<U+0428><U+0432><U+0435><U+0439><U+0446><U+0430><U+0440><U+0438><U+044F>,"<U+0411><U+0435><U+0440><U+043D>	",189,9,51,33,35,20,11,1
318,327000293,Switzerland,Geneva,<U+0428><U+0432><U+0435><U+0439><U+0446><U+0430><U+0440><U+0438><U+044F>,<U+0416><U+0435><U+043D><U+0435><U+0432><U+0430>,322,15,103,64,66,32,10,1
319,327000294,Switzerland,Lausanne,<U+0428><U+0432><U+0435><U+0439><U+0446><U+0430><U+0440><U+0438><U+044F>,<U+041B><U+043E><U+0437><U+0430><U+043D><U+0430>,125,10,49,17,15,19,2,0
320,327000295,Switzerland,St Galenne,<U+0428><U+0432><U+0435><U+0439><U+0446><U+0430><U+0440><U+0438><U+044F>,<U+0421><U+0430><U+043D><U+043A><U+0442> ,60,1,13,13,7,10,5,0
321,327000297,Switzerland,Zurich,<U+0428><U+0432><U+0435><U+0439><U+0446><U+0430><U+0440><U+0438><U+044F>,"<U+0426><U+044E><U+0440><U+0438><U+0445>	",543,38,204,78,55,71,35,2
322,327100299,Sweden,Goteborgs,<U+0428><U+0432><U+0435><U+0446><U+0438><U+044F>,<U+0413><U+044C><U+043E><U+0442><U+0435><U+0431><U+043E><U+0440><U+0433>,108,6,31,9,31,7,5,1
323,327100300,Sweden,Malmo,<U+0428><U+0432><U+0435><U+0446><U+0438><U+044F>,"<U+041C><U+0430><U+043B><U+043C><U+044C><U+043E>	",125,7,24,25,43,10,6,0
324,327100298,Sweden,Stockholm,<U+0428><U+0432><U+0435><U+0446><U+0438><U+044F>,"<U+0421><U+0442><U+043E><U+043A><U+0445><U+043E><U+043B><U+043C>	",369,20,103,63,75,45,17,16
325,327200301,Japan,Tokyo,<U+042F><U+043F><U+043E><U+043D><U+0438><U+044F>,"<U+0422><U+043E><U+043A><U+0438><U+043E>	",74,5,35,14,2,4,1,0
